condition,strategy,retrieval_type,model_label,provider,model,precision_mean,precision_std,recall_mean,recall_std,f1_mean,f1_std,f05_mean,f05_std,size_ratio_mean,size_ratio_std,n_epochs,generated_count_mean,gold_count_mean
Asthma,chain_of_thought,non_rag,MedGemma 1.0-27B,ollama,medgemma:27b,0.010766666666666667,0.018648413694824912,0.0023333333333333335,0.00404145188432738,0.0038666666666666663,0.006697263122599659,0.006233333333333334,0.010796450033846003,0.24883333333333332,0.031764340593397083,3,35.333333333333336,142.0
Asthma,chain_of_thought,rag,MedGemma 1.0-27B,ollama,medgemma:27b,0.16436666666666666,0.14234958143013043,0.1572666666666667,0.14607341761365528,0.15863333333333335,0.1400960503844892,0.16146666666666668,0.14025841626559646,0.6385,0.594506862870396,3,90.66666666666667,142.0
Asthma,few_shot,non_rag,MedGemma 1.0-27B,ollama,medgemma:27b,0.008766666666666667,0.015184312079687158,0.0023333333333333335,0.00404145188432738,0.0037,0.006408587988004847,0.005666666666666667,0.009814954576223639,0.27463333333333334,0.007050059101407118,3,39.0,142.0
Asthma,few_shot,rag,MedGemma 1.0-27B,ollama,medgemma:27b,0.16993333333333335,0.15746111689345194,0.16903333333333334,0.14655682629387595,0.16786666666666664,0.1487928201672827,0.16873333333333332,0.1532567888653985,0.6924666666666667,0.6323867909225597,3,98.33333333333333,142.0
Asthma,zero_shot,non_rag,MedGemma 1.0-27B,ollama,medgemma:27b,0.0,0.0,0.0,0.0,0.0,0.0,0.0,0.0,0.3403666666666667,0.059885084397814224,3,48.333333333333336,142.0
Asthma,zero_shot,rag,MedGemma 1.0-27B,ollama,medgemma:27b,0.28626666666666667,0.009779740964531367,0.20656666666666665,0.022652225792034957,0.2397,0.018017491501316138,0.26553333333333334,0.013449659227405476,0.7206333333333333,0.0590512771524319,3,102.33333333333333,142.0
Atrial Fibrillation,chain_of_thought,non_rag,MedGemma 1.0-27B,ollama,medgemma:27b,0.0,0.0,0.0,0.0,0.0,0.0,0.0,0.0,1.2361,0.25459481534391065,3,29.666666666666668,24.0
Atrial Fibrillation,chain_of_thought,rag,MedGemma 1.0-27B,ollama,medgemma:27b,0.13970000000000002,0.01567769115654472,0.5139,0.10484335935098607,0.2195,0.02899120556306688,0.16346666666666668,0.019341234017852437,3.6527666666666665,0.334216192506188,3,87.66666666666667,24.0
Atrial Fibrillation,few_shot,non_rag,MedGemma 1.0-27B,ollama,medgemma:27b,0.0,0.0,0.0,0.0,0.0,0.0,0.0,0.0,1.9027666666666665,0.13393268209564582,3,45.666666666666664,24.0
Atrial Fibrillation,few_shot,rag,MedGemma 1.0-27B,ollama,medgemma:27b,0.17886666666666665,0.03579404047230955,0.4861,0.04815101245041476,0.25903333333333334,0.03314956007752341,0.20396666666666666,0.03606276935196927,2.805533333333333,0.7087580428702969,3,67.33333333333333,24.0
Atrial Fibrillation,zero_shot,non_rag,MedGemma 1.0-27B,ollama,medgemma:27b,0.0,0.0,0.0,0.0,0.0,0.0,0.0,0.0,1.7638666666666667,0.52925699176613,3,42.333333333333336,24.0
Atrial Fibrillation,zero_shot,rag,MedGemma 1.0-27B,ollama,medgemma:27b,0.15506666666666666,0.0780406517997725,0.4861333333333333,0.063643250493146,0.22836666666666663,0.08705436998412734,0.17753333333333332,0.08263124913332323,3.6111000000000004,1.5834830343265445,3,86.66666666666667,24.0
Coronary Heart Disease,chain_of_thought,non_rag,MedGemma 1.0-27B,ollama,medgemma:27b,0.0,0.0,0.0,0.0,0.0,0.0,0.0,0.0,0.09626666666666667,0.03011732613186857,3,32.333333333333336,336.0
Coronary Heart Disease,chain_of_thought,rag,MedGemma 1.0-27B,ollama,medgemma:27b,0.06033333333333333,0.013920249039917836,0.022833333333333334,0.00452806065919322,0.032766666666666666,0.005968528573554235,0.044866666666666666,0.0085143016938169,0.3909,0.11563407802200874,3,131.33333333333334,336.0
Coronary Heart Disease,few_shot,non_rag,MedGemma 1.0-27B,ollama,medgemma:27b,0.0,0.0,0.0,0.0,0.0,0.0,0.0,0.0,0.14683333333333334,0.016906310458918394,3,49.333333333333336,336.0
Coronary Heart Disease,few_shot,rag,MedGemma 1.0-27B,ollama,medgemma:27b,0.06063333333333334,0.022608036919054546,0.020833333333333332,0.018133210783899616,0.03006666666666667,0.022517178627291058,0.04206666666666666,0.024852431135269915,0.3075333333333333,0.15914786625441552,3,103.33333333333333,336.0
Coronary Heart Disease,zero_shot,non_rag,MedGemma 1.0-27B,ollama,medgemma:27b,0.0,0.0,0.0,0.0,0.0,0.0,0.0,0.0,0.16366666666666665,0.041969314187074044,3,55.0,336.0
Coronary Heart Disease,zero_shot,rag,MedGemma 1.0-27B,ollama,medgemma:27b,0.0642,0.010903669107231753,0.020833333333333332,0.005138417395787672,0.03133333333333333,0.006942862041934386,0.0451,0.008710912696153025,0.32339999999999997,0.05881249867162596,3,108.66666666666667,336.0
Hypothyroidism,chain_of_thought,non_rag,MedGemma 1.0-27B,ollama,medgemma:27b,0.0,0.0,0.0,0.0,0.0,0.0,0.0,0.0,0.23916666666666667,0.06171874377637099,3,31.333333333333332,131.0
Hypothyroidism,chain_of_thought,rag,MedGemma 1.0-27B,ollama,medgemma:27b,0.15466666666666665,0.05757189707950687,0.1959,0.09108699138735454,0.17253333333333332,0.07145161533046912,0.1613,0.06259368977780427,1.2391666666666667,0.1386991107878249,3,162.33333333333334,131.0
Hypothyroidism,few_shot,non_rag,MedGemma 1.0-27B,ollama,medgemma:27b,0.0,0.0,0.0,0.0,0.0,0.0,0.0,0.0,0.32826666666666665,0.07361320080891287,3,43.0,131.0
Hypothyroidism,few_shot,rag,MedGemma 1.0-27B,ollama,medgemma:27b,0.25096666666666667,0.06267187035132535,0.20606666666666665,0.026442642328884866,0.2252333333333333,0.04052706914314597,0.23966666666666667,0.05280912168681972,0.8447999999999999,0.16122800625201564,3,110.66666666666667,131.0
Hypothyroidism,zero_shot,non_rag,MedGemma 1.0-27B,ollama,medgemma:27b,0.0,0.0,0.0,0.0,0.0,0.0,0.0,0.0,0.285,0.030867620575612854,3,37.333333333333336,131.0
Hypothyroidism,zero_shot,rag,MedGemma 1.0-27B,ollama,medgemma:27b,0.21376666666666666,0.05641323721728202,0.17303333333333334,0.011663761543058633,0.18786666666666665,0.014273168300462697,0.2015,0.03649753416328287,0.8549666666666665,0.2608437527205383,3,112.0,131.0
Multiple Sclerosis,chain_of_thought,non_rag,MedGemma 1.0-27B,ollama,medgemma:27b,0.0,0.0,0.0,0.0,0.0,0.0,0.0,0.0,0.6061,0.05248113946933697,3,26.666666666666668,44.0
Multiple Sclerosis,chain_of_thought,rag,MedGemma 1.0-27B,ollama,medgemma:27b,0.3898333333333333,0.03723685450374848,0.4772666666666667,0.07875057671746498,0.4287666666666667,0.05356867865957995,0.40443333333333337,0.04294849628721982,1.2197,0.09184818996583438,3,53.666666666666664,44.0
Multiple Sclerosis,few_shot,non_rag,MedGemma 1.0-27B,ollama,medgemma:27b,0.0,0.0,0.0,0.0,0.0,0.0,0.0,0.0,1.0075666666666667,0.07981944207605898,3,44.333333333333336,44.0
Multiple Sclerosis,few_shot,rag,MedGemma 1.0-27B,ollama,medgemma:27b,0.2791666666666667,0.033123606888944536,0.5909000000000001,0.1715799230679394,0.3745,0.04800666620376802,0.31046666666666667,0.03566403417076275,2.1288,0.65767664547253,3,93.66666666666667,44.0
Multiple Sclerosis,zero_shot,non_rag,MedGemma 1.0-27B,ollama,medgemma:27b,0.0,0.0,0.0,0.0,0.0,0.0,0.0,0.0,1.3712,0.11664000171467766,3,60.333333333333336,44.0
Multiple Sclerosis,zero_shot,rag,MedGemma 1.0-27B,ollama,medgemma:27b,0.27403333333333335,0.11632000401192107,0.6439333333333334,0.04730986507414001,0.3767666666666667,0.13048499275140163,0.30716666666666664,0.12316283259706774,2.7197,1.3068548350907225,3,119.66666666666667,44.0
Polymyalgia Rheumatica,chain_of_thought,non_rag,MedGemma 1.0-27B,ollama,medgemma:27b,0.0,0.0,0.0,0.0,0.0,0.0,0.0,0.0,2.875,1.9525624189766635,3,23.0,8.0
Polymyalgia Rheumatica,chain_of_thought,rag,MedGemma 1.0-27B,ollama,medgemma:27b,0.6583,0.21242417470711758,1.0,0.0,0.7810333333333334,0.15150882262539478,0.7007,0.1936516460038489,1.625,0.5,3,13.0,8.0
Polymyalgia Rheumatica,few_shot,non_rag,MedGemma 1.0-27B,ollama,medgemma:27b,0.0,0.0,0.0,0.0,0.0,0.0,0.0,0.0,5.041666666666667,1.282900359861721,3,40.333333333333336,8.0
Polymyalgia Rheumatica,few_shot,rag,MedGemma 1.0-27B,ollama,medgemma:27b,0.19586666666666666,0.11950587154334022,1.0,0.0,0.3164666666666667,0.16696719238620902,0.23086666666666666,0.13540817306696568,6.916666666666667,4.753836170224353,3,55.333333333333336,8.0
Polymyalgia Rheumatica,zero_shot,non_rag,MedGemma 1.0-27B,ollama,medgemma:27b,0.0,0.0,0.0,0.0,0.0,0.0,0.0,0.0,4.541666666666667,0.8036375634160797,3,36.333333333333336,8.0
Polymyalgia Rheumatica,zero_shot,rag,MedGemma 1.0-27B,ollama,medgemma:27b,0.25306666666666666,0.17060569548914048,1.0,0.0,0.38366666666666666,0.22344364688514493,0.2924333333333333,0.18932549572979687,6.25,5.464373248598599,3,50.0,8.0
Type 2 Diabetes Mellitus,chain_of_thought,non_rag,MedGemma 1.0-27B,ollama,medgemma:27b,0.0,0.0,0.0,0.0,0.0,0.0,0.0,0.0,1.4348,0.6522000000000001,3,33.0,23.0
Type 2 Diabetes Mellitus,chain_of_thought,rag,MedGemma 1.0-27B,ollama,medgemma:27b,0.09076666666666666,0.014564454446814451,0.5072666666666666,0.050171738392578526,0.15396666666666667,0.02327924683775946,0.10859999999999999,0.017157214226091608,5.6232,0.348705592154757,3,129.33333333333334,23.0
Type 2 Diabetes Mellitus,few_shot,non_rag,MedGemma 1.0-27B,ollama,medgemma:27b,0.0,0.0,0.0,0.0,0.0,0.0,0.0,0.0,2.3912666666666667,0.5014150110769853,3,55.0,23.0
Type 2 Diabetes Mellitus,few_shot,rag,MedGemma 1.0-27B,ollama,medgemma:27b,0.0861,0.049235048491902605,0.1884,0.10937325998615932,0.09743333333333333,0.012154971548026488,0.08739999999999999,0.03411803042380964,2.9420333333333333,2.2450844579510436,3,67.66666666666667,23.0
Type 2 Diabetes Mellitus,zero_shot,non_rag,MedGemma 1.0-27B,ollama,medgemma:27b,0.0,0.0,0.0,0.0,0.0,0.0,0.0,0.0,1.7971333333333332,0.5039231720543652,3,41.333333333333336,23.0
Type 2 Diabetes Mellitus,zero_shot,rag,MedGemma 1.0-27B,ollama,medgemma:27b,0.11176666666666667,0.02580626538911305,0.37679999999999997,0.025114736709748713,0.17166666666666666,0.03270081548422505,0.1299,0.02843378272407665,3.4637666666666664,0.5934870203579294,3,79.66666666666667,23.0
Type 2 Diabetes Mellitus (Audit),chain_of_thought,non_rag,MedGemma 1.0-27B,ollama,medgemma:27b,0.0,0.0,0.0,0.0,0.0,0.0,0.0,0.0,0.23739999999999997,0.1079,3,33.0,139.0
Type 2 Diabetes Mellitus (Audit),chain_of_thought,rag,MedGemma 1.0-27B,ollama,medgemma:27b,0.307,0.007374957626996898,0.2854,0.010998181667894007,0.29560000000000003,0.0028618176042508477,0.3022666666666667,0.0034210134950527892,0.9304666666666668,0.057702021917202626,3,129.33333333333334,139.0
Type 2 Diabetes Mellitus (Audit),few_shot,non_rag,MedGemma 1.0-27B,ollama,medgemma:27b,0.0,0.0,0.0,0.0,0.0,0.0,0.0,0.0,0.39566666666666667,0.08298242785875413,3,55.0,139.0
Type 2 Diabetes Mellitus (Audit),few_shot,rag,MedGemma 1.0-27B,ollama,medgemma:27b,0.26153333333333334,0.04616647412715567,0.1271,0.10917366898661968,0.15336666666666668,0.10708754985213423,0.18610000000000002,0.08921462884527404,0.48679999999999995,0.3714839565849379,3,67.66666666666667,139.0
Type 2 Diabetes Mellitus (Audit),zero_shot,non_rag,MedGemma 1.0-27B,ollama,medgemma:27b,0.0,0.0,0.0,0.0,0.0,0.0,0.0,0.0,0.29736666666666667,0.08340361702788034,3,41.333333333333336,139.0
Type 2 Diabetes Mellitus (Audit),zero_shot,rag,MedGemma 1.0-27B,ollama,medgemma:27b,0.3221333333333333,0.07027192421823479,0.18466666666666667,0.05051894034254217,0.2338,0.058114456032901135,0.2793,0.06422336023597644,0.5731333333333334,0.0982291368858209,3,79.66666666666667,139.0
