model_label,provider,model,condition,strategy,retrieval_type,epoch,category,tp_count,fn_count,gold_count,recall
MedGemma 1.0-27B,ollama,medgemma:27b,Asthma,chain_of_thought,non_rag,1,D,0,2,2,0.0
MedGemma 1.0-27B,ollama,medgemma:27b,Asthma,chain_of_thought,non_rag,1,S,0,50,50,0.0
MedGemma 1.0-27B,ollama,medgemma:27b,Asthma,chain_of_thought,non_rag,1,V,0,90,90,0.0
MedGemma 1.0-27B,ollama,medgemma:27b,Asthma,chain_of_thought,non_rag,2,D,0,2,2,0.0
MedGemma 1.0-27B,ollama,medgemma:27b,Asthma,chain_of_thought,non_rag,2,S,0,50,50,0.0
MedGemma 1.0-27B,ollama,medgemma:27b,Asthma,chain_of_thought,non_rag,2,V,0,90,90,0.0
MedGemma 1.0-27B,ollama,medgemma:27b,Asthma,chain_of_thought,non_rag,3,D,1,1,2,0.5
MedGemma 1.0-27B,ollama,medgemma:27b,Asthma,chain_of_thought,non_rag,3,S,0,50,50,0.0
MedGemma 1.0-27B,ollama,medgemma:27b,Asthma,chain_of_thought,non_rag,3,V,0,90,90,0.0
MedGemma 1.0-27B,ollama,medgemma:27b,Asthma,chain_of_thought,rag,1,D,1,1,2,0.5
MedGemma 1.0-27B,ollama,medgemma:27b,Asthma,chain_of_thought,rag,1,S,17,33,50,0.34
MedGemma 1.0-27B,ollama,medgemma:27b,Asthma,chain_of_thought,rag,1,V,8,82,90,0.0889
MedGemma 1.0-27B,ollama,medgemma:27b,Asthma,chain_of_thought,rag,2,D,1,1,2,0.5
MedGemma 1.0-27B,ollama,medgemma:27b,Asthma,chain_of_thought,rag,2,S,22,28,50,0.44
MedGemma 1.0-27B,ollama,medgemma:27b,Asthma,chain_of_thought,rag,2,V,18,72,90,0.2
MedGemma 1.0-27B,ollama,medgemma:27b,Asthma,few_shot,non_rag,1,D,0,2,2,0.0
MedGemma 1.0-27B,ollama,medgemma:27b,Asthma,few_shot,non_rag,1,S,0,50,50,0.0
MedGemma 1.0-27B,ollama,medgemma:27b,Asthma,few_shot,non_rag,1,V,0,90,90,0.0
MedGemma 1.0-27B,ollama,medgemma:27b,Asthma,few_shot,non_rag,2,D,1,1,2,0.5
MedGemma 1.0-27B,ollama,medgemma:27b,Asthma,few_shot,non_rag,2,S,0,50,50,0.0
MedGemma 1.0-27B,ollama,medgemma:27b,Asthma,few_shot,non_rag,2,V,0,90,90,0.0
MedGemma 1.0-27B,ollama,medgemma:27b,Asthma,few_shot,non_rag,3,D,0,2,2,0.0
MedGemma 1.0-27B,ollama,medgemma:27b,Asthma,few_shot,non_rag,3,S,0,50,50,0.0
MedGemma 1.0-27B,ollama,medgemma:27b,Asthma,few_shot,non_rag,3,V,0,90,90,0.0
MedGemma 1.0-27B,ollama,medgemma:27b,Asthma,few_shot,rag,1,D,1,1,2,0.5
MedGemma 1.0-27B,ollama,medgemma:27b,Asthma,few_shot,rag,1,S,23,27,50,0.46
MedGemma 1.0-27B,ollama,medgemma:27b,Asthma,few_shot,rag,1,V,13,77,90,0.1444
MedGemma 1.0-27B,ollama,medgemma:27b,Asthma,few_shot,rag,2,D,1,1,2,0.5
MedGemma 1.0-27B,ollama,medgemma:27b,Asthma,few_shot,rag,2,S,21,29,50,0.42
MedGemma 1.0-27B,ollama,medgemma:27b,Asthma,few_shot,rag,2,V,13,77,90,0.1444
MedGemma 1.0-27B,ollama,medgemma:27b,Asthma,zero_shot,non_rag,1,D,0,2,2,0.0
MedGemma 1.0-27B,ollama,medgemma:27b,Asthma,zero_shot,non_rag,1,S,0,50,50,0.0
MedGemma 1.0-27B,ollama,medgemma:27b,Asthma,zero_shot,non_rag,1,V,0,90,90,0.0
MedGemma 1.0-27B,ollama,medgemma:27b,Asthma,zero_shot,non_rag,2,D,0,2,2,0.0
MedGemma 1.0-27B,ollama,medgemma:27b,Asthma,zero_shot,non_rag,2,S,0,50,50,0.0
MedGemma 1.0-27B,ollama,medgemma:27b,Asthma,zero_shot,non_rag,2,V,0,90,90,0.0
MedGemma 1.0-27B,ollama,medgemma:27b,Asthma,zero_shot,non_rag,3,D,0,2,2,0.0
MedGemma 1.0-27B,ollama,medgemma:27b,Asthma,zero_shot,non_rag,3,S,0,50,50,0.0
MedGemma 1.0-27B,ollama,medgemma:27b,Asthma,zero_shot,non_rag,3,V,0,90,90,0.0
MedGemma 1.0-27B,ollama,medgemma:27b,Asthma,zero_shot,rag,1,D,1,1,2,0.5
MedGemma 1.0-27B,ollama,medgemma:27b,Asthma,zero_shot,rag,1,S,19,31,50,0.38
MedGemma 1.0-27B,ollama,medgemma:27b,Asthma,zero_shot,rag,1,V,8,82,90,0.0889
MedGemma 1.0-27B,ollama,medgemma:27b,Asthma,zero_shot,rag,2,D,1,1,2,0.5
MedGemma 1.0-27B,ollama,medgemma:27b,Asthma,zero_shot,rag,2,S,18,32,50,0.36
MedGemma 1.0-27B,ollama,medgemma:27b,Asthma,zero_shot,rag,2,V,8,82,90,0.0889
MedGemma 1.0-27B,ollama,medgemma:27b,Asthma,zero_shot,rag,3,D,1,1,2,0.5
MedGemma 1.0-27B,ollama,medgemma:27b,Asthma,zero_shot,rag,3,S,20,30,50,0.4
MedGemma 1.0-27B,ollama,medgemma:27b,Asthma,zero_shot,rag,3,V,12,78,90,0.1333
MedGemma 1.0-27B,ollama,medgemma:27b,Atrial Fibrillation,chain_of_thought,non_rag,1,D,0,3,3,0.0
MedGemma 1.0-27B,ollama,medgemma:27b,Atrial Fibrillation,chain_of_thought,non_rag,1,S,0,19,19,0.0
MedGemma 1.0-27B,ollama,medgemma:27b,Atrial Fibrillation,chain_of_thought,non_rag,1,V,0,2,2,0.0
MedGemma 1.0-27B,ollama,medgemma:27b,Atrial Fibrillation,chain_of_thought,non_rag,2,D,0,3,3,0.0
MedGemma 1.0-27B,ollama,medgemma:27b,Atrial Fibrillation,chain_of_thought,non_rag,2,S,0,19,19,0.0
MedGemma 1.0-27B,ollama,medgemma:27b,Atrial Fibrillation,chain_of_thought,non_rag,2,V,0,2,2,0.0
MedGemma 1.0-27B,ollama,medgemma:27b,Atrial Fibrillation,chain_of_thought,non_rag,3,D,0,3,3,0.0
MedGemma 1.0-27B,ollama,medgemma:27b,Atrial Fibrillation,chain_of_thought,non_rag,3,S,0,19,19,0.0
MedGemma 1.0-27B,ollama,medgemma:27b,Atrial Fibrillation,chain_of_thought,non_rag,3,V,0,2,2,0.0
MedGemma 1.0-27B,ollama,medgemma:27b,Atrial Fibrillation,chain_of_thought,rag,1,D,3,0,3,1.0
MedGemma 1.0-27B,ollama,medgemma:27b,Atrial Fibrillation,chain_of_thought,rag,1,S,10,9,19,0.5263
MedGemma 1.0-27B,ollama,medgemma:27b,Atrial Fibrillation,chain_of_thought,rag,1,V,2,0,2,1.0
MedGemma 1.0-27B,ollama,medgemma:27b,Atrial Fibrillation,chain_of_thought,rag,2,D,3,0,3,1.0
MedGemma 1.0-27B,ollama,medgemma:27b,Atrial Fibrillation,chain_of_thought,rag,2,S,7,12,19,0.3684
MedGemma 1.0-27B,ollama,medgemma:27b,Atrial Fibrillation,chain_of_thought,rag,2,V,2,0,2,1.0
MedGemma 1.0-27B,ollama,medgemma:27b,Atrial Fibrillation,chain_of_thought,rag,3,D,3,0,3,1.0
MedGemma 1.0-27B,ollama,medgemma:27b,Atrial Fibrillation,chain_of_thought,rag,3,S,5,14,19,0.2632
MedGemma 1.0-27B,ollama,medgemma:27b,Atrial Fibrillation,chain_of_thought,rag,3,V,2,0,2,1.0
MedGemma 1.0-27B,ollama,medgemma:27b,Atrial Fibrillation,few_shot,non_rag,1,D,0,3,3,0.0
MedGemma 1.0-27B,ollama,medgemma:27b,Atrial Fibrillation,few_shot,non_rag,1,S,0,19,19,0.0
MedGemma 1.0-27B,ollama,medgemma:27b,Atrial Fibrillation,few_shot,non_rag,1,V,0,2,2,0.0
MedGemma 1.0-27B,ollama,medgemma:27b,Atrial Fibrillation,few_shot,non_rag,2,D,0,3,3,0.0
MedGemma 1.0-27B,ollama,medgemma:27b,Atrial Fibrillation,few_shot,non_rag,2,S,0,19,19,0.0
MedGemma 1.0-27B,ollama,medgemma:27b,Atrial Fibrillation,few_shot,non_rag,2,V,0,2,2,0.0
MedGemma 1.0-27B,ollama,medgemma:27b,Atrial Fibrillation,few_shot,non_rag,3,D,0,3,3,0.0
MedGemma 1.0-27B,ollama,medgemma:27b,Atrial Fibrillation,few_shot,non_rag,3,S,0,19,19,0.0
MedGemma 1.0-27B,ollama,medgemma:27b,Atrial Fibrillation,few_shot,non_rag,3,V,0,2,2,0.0
MedGemma 1.0-27B,ollama,medgemma:27b,Atrial Fibrillation,few_shot,rag,1,D,3,0,3,1.0
MedGemma 1.0-27B,ollama,medgemma:27b,Atrial Fibrillation,few_shot,rag,1,S,6,13,19,0.3158
MedGemma 1.0-27B,ollama,medgemma:27b,Atrial Fibrillation,few_shot,rag,1,V,2,0,2,1.0
MedGemma 1.0-27B,ollama,medgemma:27b,Atrial Fibrillation,few_shot,rag,2,D,3,0,3,1.0
MedGemma 1.0-27B,ollama,medgemma:27b,Atrial Fibrillation,few_shot,rag,2,S,8,11,19,0.4211
MedGemma 1.0-27B,ollama,medgemma:27b,Atrial Fibrillation,few_shot,rag,2,V,2,0,2,1.0
MedGemma 1.0-27B,ollama,medgemma:27b,Atrial Fibrillation,few_shot,rag,3,D,2,1,3,0.6667
MedGemma 1.0-27B,ollama,medgemma:27b,Atrial Fibrillation,few_shot,rag,3,S,7,12,19,0.3684
MedGemma 1.0-27B,ollama,medgemma:27b,Atrial Fibrillation,few_shot,rag,3,V,2,0,2,1.0
MedGemma 1.0-27B,ollama,medgemma:27b,Atrial Fibrillation,zero_shot,non_rag,1,D,0,3,3,0.0
MedGemma 1.0-27B,ollama,medgemma:27b,Atrial Fibrillation,zero_shot,non_rag,1,S,0,19,19,0.0
MedGemma 1.0-27B,ollama,medgemma:27b,Atrial Fibrillation,zero_shot,non_rag,1,V,0,2,2,0.0
MedGemma 1.0-27B,ollama,medgemma:27b,Atrial Fibrillation,zero_shot,non_rag,2,D,0,3,3,0.0
MedGemma 1.0-27B,ollama,medgemma:27b,Atrial Fibrillation,zero_shot,non_rag,2,S,0,19,19,0.0
MedGemma 1.0-27B,ollama,medgemma:27b,Atrial Fibrillation,zero_shot,non_rag,2,V,0,2,2,0.0
MedGemma 1.0-27B,ollama,medgemma:27b,Atrial Fibrillation,zero_shot,non_rag,3,D,0,3,3,0.0
MedGemma 1.0-27B,ollama,medgemma:27b,Atrial Fibrillation,zero_shot,non_rag,3,S,0,19,19,0.0
MedGemma 1.0-27B,ollama,medgemma:27b,Atrial Fibrillation,zero_shot,non_rag,3,V,0,2,2,0.0
MedGemma 1.0-27B,ollama,medgemma:27b,Atrial Fibrillation,zero_shot,rag,1,D,2,1,3,0.6667
MedGemma 1.0-27B,ollama,medgemma:27b,Atrial Fibrillation,zero_shot,rag,1,S,8,11,19,0.4211
MedGemma 1.0-27B,ollama,medgemma:27b,Atrial Fibrillation,zero_shot,rag,1,V,2,0,2,1.0
MedGemma 1.0-27B,ollama,medgemma:27b,Atrial Fibrillation,zero_shot,rag,2,D,3,0,3,1.0
MedGemma 1.0-27B,ollama,medgemma:27b,Atrial Fibrillation,zero_shot,rag,2,S,5,14,19,0.2632
MedGemma 1.0-27B,ollama,medgemma:27b,Atrial Fibrillation,zero_shot,rag,2,V,2,0,2,1.0
MedGemma 1.0-27B,ollama,medgemma:27b,Atrial Fibrillation,zero_shot,rag,3,D,2,1,3,0.6667
MedGemma 1.0-27B,ollama,medgemma:27b,Atrial Fibrillation,zero_shot,rag,3,S,9,10,19,0.4737
MedGemma 1.0-27B,ollama,medgemma:27b,Atrial Fibrillation,zero_shot,rag,3,V,2,0,2,1.0
MedGemma 1.0-27B,ollama,medgemma:27b,Coronary Heart Disease,chain_of_thought,non_rag,1,A,0,155,155,0.0
MedGemma 1.0-27B,ollama,medgemma:27b,Coronary Heart Disease,chain_of_thought,non_rag,1,C,0,29,29,0.0
MedGemma 1.0-27B,ollama,medgemma:27b,Coronary Heart Disease,chain_of_thought,non_rag,1,D,0,43,43,0.0
MedGemma 1.0-27B,ollama,medgemma:27b,Coronary Heart Disease,chain_of_thought,non_rag,1,H,0,11,11,0.0
MedGemma 1.0-27B,ollama,medgemma:27b,Coronary Heart Disease,chain_of_thought,non_rag,1,P,0,3,3,0.0
MedGemma 1.0-27B,ollama,medgemma:27b,Coronary Heart Disease,chain_of_thought,non_rag,1,S,0,93,93,0.0
MedGemma 1.0-27B,ollama,medgemma:27b,Coronary Heart Disease,chain_of_thought,non_rag,1,V,0,2,2,0.0
MedGemma 1.0-27B,ollama,medgemma:27b,Coronary Heart Disease,chain_of_thought,non_rag,2,A,0,155,155,0.0
MedGemma 1.0-27B,ollama,medgemma:27b,Coronary Heart Disease,chain_of_thought,non_rag,2,C,0,29,29,0.0
MedGemma 1.0-27B,ollama,medgemma:27b,Coronary Heart Disease,chain_of_thought,non_rag,2,D,0,43,43,0.0
MedGemma 1.0-27B,ollama,medgemma:27b,Coronary Heart Disease,chain_of_thought,non_rag,2,H,0,11,11,0.0
MedGemma 1.0-27B,ollama,medgemma:27b,Coronary Heart Disease,chain_of_thought,non_rag,2,P,0,3,3,0.0
MedGemma 1.0-27B,ollama,medgemma:27b,Coronary Heart Disease,chain_of_thought,non_rag,2,S,0,93,93,0.0
MedGemma 1.0-27B,ollama,medgemma:27b,Coronary Heart Disease,chain_of_thought,non_rag,2,V,0,2,2,0.0
MedGemma 1.0-27B,ollama,medgemma:27b,Coronary Heart Disease,chain_of_thought,non_rag,3,A,0,155,155,0.0
MedGemma 1.0-27B,ollama,medgemma:27b,Coronary Heart Disease,chain_of_thought,non_rag,3,C,0,29,29,0.0
MedGemma 1.0-27B,ollama,medgemma:27b,Coronary Heart Disease,chain_of_thought,non_rag,3,D,0,43,43,0.0
MedGemma 1.0-27B,ollama,medgemma:27b,Coronary Heart Disease,chain_of_thought,non_rag,3,H,0,11,11,0.0
MedGemma 1.0-27B,ollama,medgemma:27b,Coronary Heart Disease,chain_of_thought,non_rag,3,P,0,3,3,0.0
MedGemma 1.0-27B,ollama,medgemma:27b,Coronary Heart Disease,chain_of_thought,non_rag,3,S,0,93,93,0.0
MedGemma 1.0-27B,ollama,medgemma:27b,Coronary Heart Disease,chain_of_thought,non_rag,3,V,0,2,2,0.0
MedGemma 1.0-27B,ollama,medgemma:27b,Coronary Heart Disease,chain_of_thought,rag,1,A,0,155,155,0.0
MedGemma 1.0-27B,ollama,medgemma:27b,Coronary Heart Disease,chain_of_thought,rag,1,C,0,29,29,0.0
MedGemma 1.0-27B,ollama,medgemma:27b,Coronary Heart Disease,chain_of_thought,rag,1,D,5,38,43,0.1163
MedGemma 1.0-27B,ollama,medgemma:27b,Coronary Heart Disease,chain_of_thought,rag,1,H,0,11,11,0.0
MedGemma 1.0-27B,ollama,medgemma:27b,Coronary Heart Disease,chain_of_thought,rag,1,P,0,3,3,0.0
MedGemma 1.0-27B,ollama,medgemma:27b,Coronary Heart Disease,chain_of_thought,rag,1,S,3,90,93,0.0323
MedGemma 1.0-27B,ollama,medgemma:27b,Coronary Heart Disease,chain_of_thought,rag,1,V,0,2,2,0.0
MedGemma 1.0-27B,ollama,medgemma:27b,Coronary Heart Disease,chain_of_thought,rag,2,A,0,155,155,0.0
MedGemma 1.0-27B,ollama,medgemma:27b,Coronary Heart Disease,chain_of_thought,rag,2,C,0,29,29,0.0
MedGemma 1.0-27B,ollama,medgemma:27b,Coronary Heart Disease,chain_of_thought,rag,2,D,4,39,43,0.093
MedGemma 1.0-27B,ollama,medgemma:27b,Coronary Heart Disease,chain_of_thought,rag,2,H,0,11,11,0.0
MedGemma 1.0-27B,ollama,medgemma:27b,Coronary Heart Disease,chain_of_thought,rag,2,P,0,3,3,0.0
MedGemma 1.0-27B,ollama,medgemma:27b,Coronary Heart Disease,chain_of_thought,rag,2,S,5,88,93,0.0538
MedGemma 1.0-27B,ollama,medgemma:27b,Coronary Heart Disease,chain_of_thought,rag,2,V,0,2,2,0.0
MedGemma 1.0-27B,ollama,medgemma:27b,Coronary Heart Disease,chain_of_thought,rag,3,A,0,155,155,0.0
MedGemma 1.0-27B,ollama,medgemma:27b,Coronary Heart Disease,chain_of_thought,rag,3,C,0,29,29,0.0
MedGemma 1.0-27B,ollama,medgemma:27b,Coronary Heart Disease,chain_of_thought,rag,3,D,4,39,43,0.093
MedGemma 1.0-27B,ollama,medgemma:27b,Coronary Heart Disease,chain_of_thought,rag,3,H,0,11,11,0.0
MedGemma 1.0-27B,ollama,medgemma:27b,Coronary Heart Disease,chain_of_thought,rag,3,P,0,3,3,0.0
MedGemma 1.0-27B,ollama,medgemma:27b,Coronary Heart Disease,chain_of_thought,rag,3,S,2,91,93,0.0215
MedGemma 1.0-27B,ollama,medgemma:27b,Coronary Heart Disease,chain_of_thought,rag,3,V,0,2,2,0.0
MedGemma 1.0-27B,ollama,medgemma:27b,Coronary Heart Disease,few_shot,non_rag,1,A,0,155,155,0.0
MedGemma 1.0-27B,ollama,medgemma:27b,Coronary Heart Disease,few_shot,non_rag,1,C,0,29,29,0.0
MedGemma 1.0-27B,ollama,medgemma:27b,Coronary Heart Disease,few_shot,non_rag,1,D,0,43,43,0.0
MedGemma 1.0-27B,ollama,medgemma:27b,Coronary Heart Disease,few_shot,non_rag,1,H,0,11,11,0.0
MedGemma 1.0-27B,ollama,medgemma:27b,Coronary Heart Disease,few_shot,non_rag,1,P,0,3,3,0.0
MedGemma 1.0-27B,ollama,medgemma:27b,Coronary Heart Disease,few_shot,non_rag,1,S,0,93,93,0.0
MedGemma 1.0-27B,ollama,medgemma:27b,Coronary Heart Disease,few_shot,non_rag,1,V,0,2,2,0.0
MedGemma 1.0-27B,ollama,medgemma:27b,Coronary Heart Disease,few_shot,non_rag,2,A,0,155,155,0.0
MedGemma 1.0-27B,ollama,medgemma:27b,Coronary Heart Disease,few_shot,non_rag,2,C,0,29,29,0.0
MedGemma 1.0-27B,ollama,medgemma:27b,Coronary Heart Disease,few_shot,non_rag,2,D,0,43,43,0.0
MedGemma 1.0-27B,ollama,medgemma:27b,Coronary Heart Disease,few_shot,non_rag,2,H,0,11,11,0.0
MedGemma 1.0-27B,ollama,medgemma:27b,Coronary Heart Disease,few_shot,non_rag,2,P,0,3,3,0.0
MedGemma 1.0-27B,ollama,medgemma:27b,Coronary Heart Disease,few_shot,non_rag,2,S,0,93,93,0.0
MedGemma 1.0-27B,ollama,medgemma:27b,Coronary Heart Disease,few_shot,non_rag,2,V,0,2,2,0.0
MedGemma 1.0-27B,ollama,medgemma:27b,Coronary Heart Disease,few_shot,non_rag,3,A,0,155,155,0.0
MedGemma 1.0-27B,ollama,medgemma:27b,Coronary Heart Disease,few_shot,non_rag,3,C,0,29,29,0.0
MedGemma 1.0-27B,ollama,medgemma:27b,Coronary Heart Disease,few_shot,non_rag,3,D,0,43,43,0.0
MedGemma 1.0-27B,ollama,medgemma:27b,Coronary Heart Disease,few_shot,non_rag,3,H,0,11,11,0.0
MedGemma 1.0-27B,ollama,medgemma:27b,Coronary Heart Disease,few_shot,non_rag,3,P,0,3,3,0.0
MedGemma 1.0-27B,ollama,medgemma:27b,Coronary Heart Disease,few_shot,non_rag,3,S,0,93,93,0.0
MedGemma 1.0-27B,ollama,medgemma:27b,Coronary Heart Disease,few_shot,non_rag,3,V,0,2,2,0.0
MedGemma 1.0-27B,ollama,medgemma:27b,Coronary Heart Disease,few_shot,rag,1,A,0,155,155,0.0
MedGemma 1.0-27B,ollama,medgemma:27b,Coronary Heart Disease,few_shot,rag,1,C,0,29,29,0.0
MedGemma 1.0-27B,ollama,medgemma:27b,Coronary Heart Disease,few_shot,rag,1,D,2,41,43,0.0465
MedGemma 1.0-27B,ollama,medgemma:27b,Coronary Heart Disease,few_shot,rag,1,H,0,11,11,0.0
MedGemma 1.0-27B,ollama,medgemma:27b,Coronary Heart Disease,few_shot,rag,1,P,0,3,3,0.0
MedGemma 1.0-27B,ollama,medgemma:27b,Coronary Heart Disease,few_shot,rag,1,S,1,92,93,0.0108
MedGemma 1.0-27B,ollama,medgemma:27b,Coronary Heart Disease,few_shot,rag,1,V,0,2,2,0.0
MedGemma 1.0-27B,ollama,medgemma:27b,Coronary Heart Disease,few_shot,rag,2,A,0,155,155,0.0
MedGemma 1.0-27B,ollama,medgemma:27b,Coronary Heart Disease,few_shot,rag,2,C,0,29,29,0.0
MedGemma 1.0-27B,ollama,medgemma:27b,Coronary Heart Disease,few_shot,rag,2,D,7,36,43,0.1628
MedGemma 1.0-27B,ollama,medgemma:27b,Coronary Heart Disease,few_shot,rag,2,H,0,11,11,0.0
MedGemma 1.0-27B,ollama,medgemma:27b,Coronary Heart Disease,few_shot,rag,2,P,0,3,3,0.0
MedGemma 1.0-27B,ollama,medgemma:27b,Coronary Heart Disease,few_shot,rag,2,S,7,86,93,0.0753
MedGemma 1.0-27B,ollama,medgemma:27b,Coronary Heart Disease,few_shot,rag,2,V,0,2,2,0.0
MedGemma 1.0-27B,ollama,medgemma:27b,Coronary Heart Disease,few_shot,rag,3,A,0,155,155,0.0
MedGemma 1.0-27B,ollama,medgemma:27b,Coronary Heart Disease,few_shot,rag,3,C,0,29,29,0.0
MedGemma 1.0-27B,ollama,medgemma:27b,Coronary Heart Disease,few_shot,rag,3,D,0,43,43,0.0
MedGemma 1.0-27B,ollama,medgemma:27b,Coronary Heart Disease,few_shot,rag,3,H,0,11,11,0.0
MedGemma 1.0-27B,ollama,medgemma:27b,Coronary Heart Disease,few_shot,rag,3,P,0,3,3,0.0
MedGemma 1.0-27B,ollama,medgemma:27b,Coronary Heart Disease,few_shot,rag,3,S,4,89,93,0.043
MedGemma 1.0-27B,ollama,medgemma:27b,Coronary Heart Disease,few_shot,rag,3,V,0,2,2,0.0
MedGemma 1.0-27B,ollama,medgemma:27b,Coronary Heart Disease,zero_shot,non_rag,1,A,0,155,155,0.0
MedGemma 1.0-27B,ollama,medgemma:27b,Coronary Heart Disease,zero_shot,non_rag,1,C,0,29,29,0.0
MedGemma 1.0-27B,ollama,medgemma:27b,Coronary Heart Disease,zero_shot,non_rag,1,D,0,43,43,0.0
MedGemma 1.0-27B,ollama,medgemma:27b,Coronary Heart Disease,zero_shot,non_rag,1,H,0,11,11,0.0
MedGemma 1.0-27B,ollama,medgemma:27b,Coronary Heart Disease,zero_shot,non_rag,1,P,0,3,3,0.0
MedGemma 1.0-27B,ollama,medgemma:27b,Coronary Heart Disease,zero_shot,non_rag,1,S,0,93,93,0.0
MedGemma 1.0-27B,ollama,medgemma:27b,Coronary Heart Disease,zero_shot,non_rag,1,V,0,2,2,0.0
MedGemma 1.0-27B,ollama,medgemma:27b,Coronary Heart Disease,zero_shot,non_rag,2,A,0,155,155,0.0
MedGemma 1.0-27B,ollama,medgemma:27b,Coronary Heart Disease,zero_shot,non_rag,2,C,0,29,29,0.0
MedGemma 1.0-27B,ollama,medgemma:27b,Coronary Heart Disease,zero_shot,non_rag,2,D,0,43,43,0.0
MedGemma 1.0-27B,ollama,medgemma:27b,Coronary Heart Disease,zero_shot,non_rag,2,H,0,11,11,0.0
MedGemma 1.0-27B,ollama,medgemma:27b,Coronary Heart Disease,zero_shot,non_rag,2,P,0,3,3,0.0
MedGemma 1.0-27B,ollama,medgemma:27b,Coronary Heart Disease,zero_shot,non_rag,2,S,0,93,93,0.0
MedGemma 1.0-27B,ollama,medgemma:27b,Coronary Heart Disease,zero_shot,non_rag,2,V,0,2,2,0.0
MedGemma 1.0-27B,ollama,medgemma:27b,Coronary Heart Disease,zero_shot,non_rag,3,A,0,155,155,0.0
MedGemma 1.0-27B,ollama,medgemma:27b,Coronary Heart Disease,zero_shot,non_rag,3,C,0,29,29,0.0
MedGemma 1.0-27B,ollama,medgemma:27b,Coronary Heart Disease,zero_shot,non_rag,3,D,0,43,43,0.0
MedGemma 1.0-27B,ollama,medgemma:27b,Coronary Heart Disease,zero_shot,non_rag,3,H,0,11,11,0.0
MedGemma 1.0-27B,ollama,medgemma:27b,Coronary Heart Disease,zero_shot,non_rag,3,P,0,3,3,0.0
MedGemma 1.0-27B,ollama,medgemma:27b,Coronary Heart Disease,zero_shot,non_rag,3,S,0,93,93,0.0
MedGemma 1.0-27B,ollama,medgemma:27b,Coronary Heart Disease,zero_shot,non_rag,3,V,0,2,2,0.0
MedGemma 1.0-27B,ollama,medgemma:27b,Coronary Heart Disease,zero_shot,rag,1,A,0,155,155,0.0
MedGemma 1.0-27B,ollama,medgemma:27b,Coronary Heart Disease,zero_shot,rag,1,C,0,29,29,0.0
MedGemma 1.0-27B,ollama,medgemma:27b,Coronary Heart Disease,zero_shot,rag,1,D,1,42,43,0.0233
MedGemma 1.0-27B,ollama,medgemma:27b,Coronary Heart Disease,zero_shot,rag,1,H,0,11,11,0.0
MedGemma 1.0-27B,ollama,medgemma:27b,Coronary Heart Disease,zero_shot,rag,1,P,0,3,3,0.0
MedGemma 1.0-27B,ollama,medgemma:27b,Coronary Heart Disease,zero_shot,rag,1,S,4,89,93,0.043
MedGemma 1.0-27B,ollama,medgemma:27b,Coronary Heart Disease,zero_shot,rag,1,V,0,2,2,0.0
MedGemma 1.0-27B,ollama,medgemma:27b,Coronary Heart Disease,zero_shot,rag,2,A,0,155,155,0.0
MedGemma 1.0-27B,ollama,medgemma:27b,Coronary Heart Disease,zero_shot,rag,2,C,0,29,29,0.0
MedGemma 1.0-27B,ollama,medgemma:27b,Coronary Heart Disease,zero_shot,rag,2,D,7,36,43,0.1628
MedGemma 1.0-27B,ollama,medgemma:27b,Coronary Heart Disease,zero_shot,rag,2,H,0,11,11,0.0
MedGemma 1.0-27B,ollama,medgemma:27b,Coronary Heart Disease,zero_shot,rag,2,P,0,3,3,0.0
MedGemma 1.0-27B,ollama,medgemma:27b,Coronary Heart Disease,zero_shot,rag,2,S,1,92,93,0.0108
MedGemma 1.0-27B,ollama,medgemma:27b,Coronary Heart Disease,zero_shot,rag,2,V,0,2,2,0.0
MedGemma 1.0-27B,ollama,medgemma:27b,Coronary Heart Disease,zero_shot,rag,3,A,0,155,155,0.0
MedGemma 1.0-27B,ollama,medgemma:27b,Coronary Heart Disease,zero_shot,rag,3,C,0,29,29,0.0
MedGemma 1.0-27B,ollama,medgemma:27b,Coronary Heart Disease,zero_shot,rag,3,D,7,36,43,0.1628
MedGemma 1.0-27B,ollama,medgemma:27b,Coronary Heart Disease,zero_shot,rag,3,H,0,11,11,0.0
MedGemma 1.0-27B,ollama,medgemma:27b,Coronary Heart Disease,zero_shot,rag,3,P,0,3,3,0.0
MedGemma 1.0-27B,ollama,medgemma:27b,Coronary Heart Disease,zero_shot,rag,3,S,1,92,93,0.0108
MedGemma 1.0-27B,ollama,medgemma:27b,Coronary Heart Disease,zero_shot,rag,3,V,0,2,2,0.0
MedGemma 1.0-27B,ollama,medgemma:27b,Hypothyroidism,chain_of_thought,non_rag,1,C,0,3,3,0.0
MedGemma 1.0-27B,ollama,medgemma:27b,Hypothyroidism,chain_of_thought,non_rag,1,D,0,1,1,0.0
MedGemma 1.0-27B,ollama,medgemma:27b,Hypothyroidism,chain_of_thought,non_rag,1,S,0,126,126,0.0
MedGemma 1.0-27B,ollama,medgemma:27b,Hypothyroidism,chain_of_thought,non_rag,1,V,0,1,1,0.0
MedGemma 1.0-27B,ollama,medgemma:27b,Hypothyroidism,chain_of_thought,non_rag,2,C,0,3,3,0.0
MedGemma 1.0-27B,ollama,medgemma:27b,Hypothyroidism,chain_of_thought,non_rag,2,D,0,1,1,0.0
MedGemma 1.0-27B,ollama,medgemma:27b,Hypothyroidism,chain_of_thought,non_rag,2,S,0,126,126,0.0
MedGemma 1.0-27B,ollama,medgemma:27b,Hypothyroidism,chain_of_thought,non_rag,2,V,0,1,1,0.0
MedGemma 1.0-27B,ollama,medgemma:27b,Hypothyroidism,chain_of_thought,non_rag,3,C,0,3,3,0.0
MedGemma 1.0-27B,ollama,medgemma:27b,Hypothyroidism,chain_of_thought,non_rag,3,D,0,1,1,0.0
MedGemma 1.0-27B,ollama,medgemma:27b,Hypothyroidism,chain_of_thought,non_rag,3,S,0,126,126,0.0
MedGemma 1.0-27B,ollama,medgemma:27b,Hypothyroidism,chain_of_thought,non_rag,3,V,0,1,1,0.0
MedGemma 1.0-27B,ollama,medgemma:27b,Hypothyroidism,chain_of_thought,rag,1,C,0,3,3,0.0
MedGemma 1.0-27B,ollama,medgemma:27b,Hypothyroidism,chain_of_thought,rag,1,D,1,0,1,1.0
MedGemma 1.0-27B,ollama,medgemma:27b,Hypothyroidism,chain_of_thought,rag,1,S,37,89,126,0.2937
MedGemma 1.0-27B,ollama,medgemma:27b,Hypothyroidism,chain_of_thought,rag,1,V,1,0,1,1.0
MedGemma 1.0-27B,ollama,medgemma:27b,Hypothyroidism,chain_of_thought,rag,2,C,0,3,3,0.0
MedGemma 1.0-27B,ollama,medgemma:27b,Hypothyroidism,chain_of_thought,rag,2,D,1,0,1,1.0
MedGemma 1.0-27B,ollama,medgemma:27b,Hypothyroidism,chain_of_thought,rag,2,S,14,112,126,0.1111
MedGemma 1.0-27B,ollama,medgemma:27b,Hypothyroidism,chain_of_thought,rag,2,V,1,0,1,1.0
MedGemma 1.0-27B,ollama,medgemma:27b,Hypothyroidism,chain_of_thought,rag,3,C,0,3,3,0.0
MedGemma 1.0-27B,ollama,medgemma:27b,Hypothyroidism,chain_of_thought,rag,3,D,1,0,1,1.0
MedGemma 1.0-27B,ollama,medgemma:27b,Hypothyroidism,chain_of_thought,rag,3,S,20,106,126,0.1587
MedGemma 1.0-27B,ollama,medgemma:27b,Hypothyroidism,chain_of_thought,rag,3,V,1,0,1,1.0
MedGemma 1.0-27B,ollama,medgemma:27b,Hypothyroidism,few_shot,non_rag,1,C,0,3,3,0.0
MedGemma 1.0-27B,ollama,medgemma:27b,Hypothyroidism,few_shot,non_rag,1,D,0,1,1,0.0
MedGemma 1.0-27B,ollama,medgemma:27b,Hypothyroidism,few_shot,non_rag,1,S,0,126,126,0.0
MedGemma 1.0-27B,ollama,medgemma:27b,Hypothyroidism,few_shot,non_rag,1,V,0,1,1,0.0
MedGemma 1.0-27B,ollama,medgemma:27b,Hypothyroidism,few_shot,non_rag,2,C,0,3,3,0.0
MedGemma 1.0-27B,ollama,medgemma:27b,Hypothyroidism,few_shot,non_rag,2,D,0,1,1,0.0
MedGemma 1.0-27B,ollama,medgemma:27b,Hypothyroidism,few_shot,non_rag,2,S,0,126,126,0.0
MedGemma 1.0-27B,ollama,medgemma:27b,Hypothyroidism,few_shot,non_rag,2,V,0,1,1,0.0
MedGemma 1.0-27B,ollama,medgemma:27b,Hypothyroidism,few_shot,non_rag,3,C,0,3,3,0.0
MedGemma 1.0-27B,ollama,medgemma:27b,Hypothyroidism,few_shot,non_rag,3,D,0,1,1,0.0
MedGemma 1.0-27B,ollama,medgemma:27b,Hypothyroidism,few_shot,non_rag,3,S,0,126,126,0.0
MedGemma 1.0-27B,ollama,medgemma:27b,Hypothyroidism,few_shot,non_rag,3,V,0,1,1,0.0
MedGemma 1.0-27B,ollama,medgemma:27b,Hypothyroidism,few_shot,rag,1,C,0,3,3,0.0
MedGemma 1.0-27B,ollama,medgemma:27b,Hypothyroidism,few_shot,rag,1,D,1,0,1,1.0
MedGemma 1.0-27B,ollama,medgemma:27b,Hypothyroidism,few_shot,rag,1,S,23,103,126,0.1825
MedGemma 1.0-27B,ollama,medgemma:27b,Hypothyroidism,few_shot,rag,1,V,1,0,1,1.0
MedGemma 1.0-27B,ollama,medgemma:27b,Hypothyroidism,few_shot,rag,2,C,0,3,3,0.0
MedGemma 1.0-27B,ollama,medgemma:27b,Hypothyroidism,few_shot,rag,2,D,1,0,1,1.0
MedGemma 1.0-27B,ollama,medgemma:27b,Hypothyroidism,few_shot,rag,2,S,29,97,126,0.2302
MedGemma 1.0-27B,ollama,medgemma:27b,Hypothyroidism,few_shot,rag,2,V,1,0,1,1.0
MedGemma 1.0-27B,ollama,medgemma:27b,Hypothyroidism,few_shot,rag,3,C,0,3,3,0.0
MedGemma 1.0-27B,ollama,medgemma:27b,Hypothyroidism,few_shot,rag,3,D,1,0,1,1.0
MedGemma 1.0-27B,ollama,medgemma:27b,Hypothyroidism,few_shot,rag,3,S,23,103,126,0.1825
MedGemma 1.0-27B,ollama,medgemma:27b,Hypothyroidism,few_shot,rag,3,V,1,0,1,1.0
MedGemma 1.0-27B,ollama,medgemma:27b,Hypothyroidism,zero_shot,non_rag,1,C,0,3,3,0.0
MedGemma 1.0-27B,ollama,medgemma:27b,Hypothyroidism,zero_shot,non_rag,1,D,0,1,1,0.0
MedGemma 1.0-27B,ollama,medgemma:27b,Hypothyroidism,zero_shot,non_rag,1,S,0,126,126,0.0
MedGemma 1.0-27B,ollama,medgemma:27b,Hypothyroidism,zero_shot,non_rag,1,V,0,1,1,0.0
MedGemma 1.0-27B,ollama,medgemma:27b,Hypothyroidism,zero_shot,non_rag,2,C,0,3,3,0.0
MedGemma 1.0-27B,ollama,medgemma:27b,Hypothyroidism,zero_shot,non_rag,2,D,0,1,1,0.0
MedGemma 1.0-27B,ollama,medgemma:27b,Hypothyroidism,zero_shot,non_rag,2,S,0,126,126,0.0
MedGemma 1.0-27B,ollama,medgemma:27b,Hypothyroidism,zero_shot,non_rag,2,V,0,1,1,0.0
MedGemma 1.0-27B,ollama,medgemma:27b,Hypothyroidism,zero_shot,non_rag,3,C,0,3,3,0.0
MedGemma 1.0-27B,ollama,medgemma:27b,Hypothyroidism,zero_shot,non_rag,3,D,0,1,1,0.0
MedGemma 1.0-27B,ollama,medgemma:27b,Hypothyroidism,zero_shot,non_rag,3,S,0,126,126,0.0
MedGemma 1.0-27B,ollama,medgemma:27b,Hypothyroidism,zero_shot,non_rag,3,V,0,1,1,0.0
MedGemma 1.0-27B,ollama,medgemma:27b,Hypothyroidism,zero_shot,rag,1,C,1,2,3,0.3333
MedGemma 1.0-27B,ollama,medgemma:27b,Hypothyroidism,zero_shot,rag,1,D,1,0,1,1.0
MedGemma 1.0-27B,ollama,medgemma:27b,Hypothyroidism,zero_shot,rag,1,S,20,106,126,0.1587
MedGemma 1.0-27B,ollama,medgemma:27b,Hypothyroidism,zero_shot,rag,1,V,1,0,1,1.0
MedGemma 1.0-27B,ollama,medgemma:27b,Hypothyroidism,zero_shot,rag,2,C,0,3,3,0.0
MedGemma 1.0-27B,ollama,medgemma:27b,Hypothyroidism,zero_shot,rag,2,D,1,0,1,1.0
MedGemma 1.0-27B,ollama,medgemma:27b,Hypothyroidism,zero_shot,rag,2,S,22,104,126,0.1746
MedGemma 1.0-27B,ollama,medgemma:27b,Hypothyroidism,zero_shot,rag,2,V,1,0,1,1.0
MedGemma 1.0-27B,ollama,medgemma:27b,Hypothyroidism,zero_shot,rag,3,C,0,3,3,0.0
MedGemma 1.0-27B,ollama,medgemma:27b,Hypothyroidism,zero_shot,rag,3,D,1,0,1,1.0
MedGemma 1.0-27B,ollama,medgemma:27b,Hypothyroidism,zero_shot,rag,3,S,19,107,126,0.1508
MedGemma 1.0-27B,ollama,medgemma:27b,Hypothyroidism,zero_shot,rag,3,V,1,0,1,1.0
MedGemma 1.0-27B,ollama,medgemma:27b,Multiple Sclerosis,chain_of_thought,non_rag,1,C,0,9,9,0.0
MedGemma 1.0-27B,ollama,medgemma:27b,Multiple Sclerosis,chain_of_thought,non_rag,1,D,0,4,4,0.0
MedGemma 1.0-27B,ollama,medgemma:27b,Multiple Sclerosis,chain_of_thought,non_rag,1,P,0,1,1,0.0
MedGemma 1.0-27B,ollama,medgemma:27b,Multiple Sclerosis,chain_of_thought,non_rag,1,S,0,23,23,0.0
MedGemma 1.0-27B,ollama,medgemma:27b,Multiple Sclerosis,chain_of_thought,non_rag,1,V,0,7,7,0.0
MedGemma 1.0-27B,ollama,medgemma:27b,Multiple Sclerosis,chain_of_thought,non_rag,2,C,0,9,9,0.0
MedGemma 1.0-27B,ollama,medgemma:27b,Multiple Sclerosis,chain_of_thought,non_rag,2,D,0,4,4,0.0
MedGemma 1.0-27B,ollama,medgemma:27b,Multiple Sclerosis,chain_of_thought,non_rag,2,P,0,1,1,0.0
MedGemma 1.0-27B,ollama,medgemma:27b,Multiple Sclerosis,chain_of_thought,non_rag,2,S,0,23,23,0.0
MedGemma 1.0-27B,ollama,medgemma:27b,Multiple Sclerosis,chain_of_thought,non_rag,2,V,0,7,7,0.0
MedGemma 1.0-27B,ollama,medgemma:27b,Multiple Sclerosis,chain_of_thought,non_rag,3,C,0,9,9,0.0
MedGemma 1.0-27B,ollama,medgemma:27b,Multiple Sclerosis,chain_of_thought,non_rag,3,D,0,4,4,0.0
MedGemma 1.0-27B,ollama,medgemma:27b,Multiple Sclerosis,chain_of_thought,non_rag,3,P,0,1,1,0.0
MedGemma 1.0-27B,ollama,medgemma:27b,Multiple Sclerosis,chain_of_thought,non_rag,3,S,0,23,23,0.0
MedGemma 1.0-27B,ollama,medgemma:27b,Multiple Sclerosis,chain_of_thought,non_rag,3,V,0,7,7,0.0
MedGemma 1.0-27B,ollama,medgemma:27b,Multiple Sclerosis,chain_of_thought,rag,1,C,2,7,9,0.2222
MedGemma 1.0-27B,ollama,medgemma:27b,Multiple Sclerosis,chain_of_thought,rag,1,D,1,3,4,0.25
MedGemma 1.0-27B,ollama,medgemma:27b,Multiple Sclerosis,chain_of_thought,rag,1,P,0,1,1,0.0
MedGemma 1.0-27B,ollama,medgemma:27b,Multiple Sclerosis,chain_of_thought,rag,1,S,14,9,23,0.6087
MedGemma 1.0-27B,ollama,medgemma:27b,Multiple Sclerosis,chain_of_thought,rag,1,V,2,5,7,0.2857
MedGemma 1.0-27B,ollama,medgemma:27b,Multiple Sclerosis,chain_of_thought,rag,2,C,3,6,9,0.3333
MedGemma 1.0-27B,ollama,medgemma:27b,Multiple Sclerosis,chain_of_thought,rag,2,D,4,0,4,1.0
MedGemma 1.0-27B,ollama,medgemma:27b,Multiple Sclerosis,chain_of_thought,rag,2,P,0,1,1,0.0
MedGemma 1.0-27B,ollama,medgemma:27b,Multiple Sclerosis,chain_of_thought,rag,2,S,15,8,23,0.6522
MedGemma 1.0-27B,ollama,medgemma:27b,Multiple Sclerosis,chain_of_thought,rag,2,V,3,4,7,0.4286
MedGemma 1.0-27B,ollama,medgemma:27b,Multiple Sclerosis,chain_of_thought,rag,3,C,3,6,9,0.3333
MedGemma 1.0-27B,ollama,medgemma:27b,Multiple Sclerosis,chain_of_thought,rag,3,D,3,1,4,0.75
MedGemma 1.0-27B,ollama,medgemma:27b,Multiple Sclerosis,chain_of_thought,rag,3,P,0,1,1,0.0
MedGemma 1.0-27B,ollama,medgemma:27b,Multiple Sclerosis,chain_of_thought,rag,3,S,12,11,23,0.5217
MedGemma 1.0-27B,ollama,medgemma:27b,Multiple Sclerosis,chain_of_thought,rag,3,V,1,6,7,0.1429
MedGemma 1.0-27B,ollama,medgemma:27b,Multiple Sclerosis,few_shot,non_rag,1,C,0,9,9,0.0
MedGemma 1.0-27B,ollama,medgemma:27b,Multiple Sclerosis,few_shot,non_rag,1,D,0,4,4,0.0
MedGemma 1.0-27B,ollama,medgemma:27b,Multiple Sclerosis,few_shot,non_rag,1,P,0,1,1,0.0
MedGemma 1.0-27B,ollama,medgemma:27b,Multiple Sclerosis,few_shot,non_rag,1,S,0,23,23,0.0
MedGemma 1.0-27B,ollama,medgemma:27b,Multiple Sclerosis,few_shot,non_rag,1,V,0,7,7,0.0
MedGemma 1.0-27B,ollama,medgemma:27b,Multiple Sclerosis,few_shot,non_rag,2,C,0,9,9,0.0
MedGemma 1.0-27B,ollama,medgemma:27b,Multiple Sclerosis,few_shot,non_rag,2,D,0,4,4,0.0
MedGemma 1.0-27B,ollama,medgemma:27b,Multiple Sclerosis,few_shot,non_rag,2,P,0,1,1,0.0
MedGemma 1.0-27B,ollama,medgemma:27b,Multiple Sclerosis,few_shot,non_rag,2,S,0,23,23,0.0
MedGemma 1.0-27B,ollama,medgemma:27b,Multiple Sclerosis,few_shot,non_rag,2,V,0,7,7,0.0
MedGemma 1.0-27B,ollama,medgemma:27b,Multiple Sclerosis,few_shot,non_rag,3,C,0,9,9,0.0
MedGemma 1.0-27B,ollama,medgemma:27b,Multiple Sclerosis,few_shot,non_rag,3,D,0,4,4,0.0
MedGemma 1.0-27B,ollama,medgemma:27b,Multiple Sclerosis,few_shot,non_rag,3,P,0,1,1,0.0
MedGemma 1.0-27B,ollama,medgemma:27b,Multiple Sclerosis,few_shot,non_rag,3,S,0,23,23,0.0
MedGemma 1.0-27B,ollama,medgemma:27b,Multiple Sclerosis,few_shot,non_rag,3,V,0,7,7,0.0
MedGemma 1.0-27B,ollama,medgemma:27b,Multiple Sclerosis,few_shot,rag,1,C,2,7,9,0.2222
MedGemma 1.0-27B,ollama,medgemma:27b,Multiple Sclerosis,few_shot,rag,1,D,3,1,4,0.75
MedGemma 1.0-27B,ollama,medgemma:27b,Multiple Sclerosis,few_shot,rag,1,P,0,1,1,0.0
MedGemma 1.0-27B,ollama,medgemma:27b,Multiple Sclerosis,few_shot,rag,1,S,19,4,23,0.8261
MedGemma 1.0-27B,ollama,medgemma:27b,Multiple Sclerosis,few_shot,rag,1,V,1,6,7,0.1429
MedGemma 1.0-27B,ollama,medgemma:27b,Multiple Sclerosis,few_shot,rag,2,C,3,6,9,0.3333
MedGemma 1.0-27B,ollama,medgemma:27b,Multiple Sclerosis,few_shot,rag,2,D,4,0,4,1.0
MedGemma 1.0-27B,ollama,medgemma:27b,Multiple Sclerosis,few_shot,rag,2,P,0,1,1,0.0
MedGemma 1.0-27B,ollama,medgemma:27b,Multiple Sclerosis,few_shot,rag,2,S,21,2,23,0.913
MedGemma 1.0-27B,ollama,medgemma:27b,Multiple Sclerosis,few_shot,rag,2,V,6,1,7,0.8571
MedGemma 1.0-27B,ollama,medgemma:27b,Multiple Sclerosis,few_shot,rag,3,C,1,8,9,0.1111
MedGemma 1.0-27B,ollama,medgemma:27b,Multiple Sclerosis,few_shot,rag,3,D,4,0,4,1.0
MedGemma 1.0-27B,ollama,medgemma:27b,Multiple Sclerosis,few_shot,rag,3,P,0,1,1,0.0
MedGemma 1.0-27B,ollama,medgemma:27b,Multiple Sclerosis,few_shot,rag,3,S,12,11,23,0.5217
MedGemma 1.0-27B,ollama,medgemma:27b,Multiple Sclerosis,few_shot,rag,3,V,2,5,7,0.2857
MedGemma 1.0-27B,ollama,medgemma:27b,Multiple Sclerosis,zero_shot,non_rag,1,C,0,9,9,0.0
MedGemma 1.0-27B,ollama,medgemma:27b,Multiple Sclerosis,zero_shot,non_rag,1,D,0,4,4,0.0
MedGemma 1.0-27B,ollama,medgemma:27b,Multiple Sclerosis,zero_shot,non_rag,1,P,0,1,1,0.0
MedGemma 1.0-27B,ollama,medgemma:27b,Multiple Sclerosis,zero_shot,non_rag,1,S,0,23,23,0.0
MedGemma 1.0-27B,ollama,medgemma:27b,Multiple Sclerosis,zero_shot,non_rag,1,V,0,7,7,0.0
MedGemma 1.0-27B,ollama,medgemma:27b,Multiple Sclerosis,zero_shot,non_rag,2,C,0,9,9,0.0
MedGemma 1.0-27B,ollama,medgemma:27b,Multiple Sclerosis,zero_shot,non_rag,2,D,0,4,4,0.0
MedGemma 1.0-27B,ollama,medgemma:27b,Multiple Sclerosis,zero_shot,non_rag,2,P,0,1,1,0.0
MedGemma 1.0-27B,ollama,medgemma:27b,Multiple Sclerosis,zero_shot,non_rag,2,S,0,23,23,0.0
MedGemma 1.0-27B,ollama,medgemma:27b,Multiple Sclerosis,zero_shot,non_rag,2,V,0,7,7,0.0
MedGemma 1.0-27B,ollama,medgemma:27b,Multiple Sclerosis,zero_shot,non_rag,3,C,0,9,9,0.0
MedGemma 1.0-27B,ollama,medgemma:27b,Multiple Sclerosis,zero_shot,non_rag,3,D,0,4,4,0.0
MedGemma 1.0-27B,ollama,medgemma:27b,Multiple Sclerosis,zero_shot,non_rag,3,P,0,1,1,0.0
MedGemma 1.0-27B,ollama,medgemma:27b,Multiple Sclerosis,zero_shot,non_rag,3,S,0,23,23,0.0
MedGemma 1.0-27B,ollama,medgemma:27b,Multiple Sclerosis,zero_shot,non_rag,3,V,0,7,7,0.0
MedGemma 1.0-27B,ollama,medgemma:27b,Multiple Sclerosis,zero_shot,rag,1,C,2,7,9,0.2222
MedGemma 1.0-27B,ollama,medgemma:27b,Multiple Sclerosis,zero_shot,rag,1,D,4,0,4,1.0
MedGemma 1.0-27B,ollama,medgemma:27b,Multiple Sclerosis,zero_shot,rag,1,P,0,1,1,0.0
MedGemma 1.0-27B,ollama,medgemma:27b,Multiple Sclerosis,zero_shot,rag,1,S,18,5,23,0.7826
MedGemma 1.0-27B,ollama,medgemma:27b,Multiple Sclerosis,zero_shot,rag,1,V,6,1,7,0.8571
MedGemma 1.0-27B,ollama,medgemma:27b,Multiple Sclerosis,zero_shot,rag,2,C,2,7,9,0.2222
MedGemma 1.0-27B,ollama,medgemma:27b,Multiple Sclerosis,zero_shot,rag,2,D,3,1,4,0.75
MedGemma 1.0-27B,ollama,medgemma:27b,Multiple Sclerosis,zero_shot,rag,2,P,0,1,1,0.0
MedGemma 1.0-27B,ollama,medgemma:27b,Multiple Sclerosis,zero_shot,rag,2,S,14,9,23,0.6087
MedGemma 1.0-27B,ollama,medgemma:27b,Multiple Sclerosis,zero_shot,rag,2,V,7,0,7,1.0
MedGemma 1.0-27B,ollama,medgemma:27b,Multiple Sclerosis,zero_shot,rag,3,C,4,5,9,0.4444
MedGemma 1.0-27B,ollama,medgemma:27b,Multiple Sclerosis,zero_shot,rag,3,D,4,0,4,1.0
MedGemma 1.0-27B,ollama,medgemma:27b,Multiple Sclerosis,zero_shot,rag,3,P,1,0,1,1.0
MedGemma 1.0-27B,ollama,medgemma:27b,Multiple Sclerosis,zero_shot,rag,3,S,16,7,23,0.6957
MedGemma 1.0-27B,ollama,medgemma:27b,Multiple Sclerosis,zero_shot,rag,3,V,4,3,7,0.5714
MedGemma 1.0-27B,ollama,medgemma:27b,Polymyalgia Rheumatica,chain_of_thought,non_rag,1,D,0,4,4,0.0
MedGemma 1.0-27B,ollama,medgemma:27b,Polymyalgia Rheumatica,chain_of_thought,non_rag,1,H,0,2,2,0.0
MedGemma 1.0-27B,ollama,medgemma:27b,Polymyalgia Rheumatica,chain_of_thought,non_rag,1,S,0,2,2,0.0
MedGemma 1.0-27B,ollama,medgemma:27b,Polymyalgia Rheumatica,chain_of_thought,non_rag,2,D,0,4,4,0.0
MedGemma 1.0-27B,ollama,medgemma:27b,Polymyalgia Rheumatica,chain_of_thought,non_rag,2,H,0,2,2,0.0
MedGemma 1.0-27B,ollama,medgemma:27b,Polymyalgia Rheumatica,chain_of_thought,non_rag,2,S,0,2,2,0.0
MedGemma 1.0-27B,ollama,medgemma:27b,Polymyalgia Rheumatica,chain_of_thought,non_rag,3,D,0,4,4,0.0
MedGemma 1.0-27B,ollama,medgemma:27b,Polymyalgia Rheumatica,chain_of_thought,non_rag,3,H,0,2,2,0.0
MedGemma 1.0-27B,ollama,medgemma:27b,Polymyalgia Rheumatica,chain_of_thought,non_rag,3,S,0,2,2,0.0
MedGemma 1.0-27B,ollama,medgemma:27b,Polymyalgia Rheumatica,chain_of_thought,rag,1,D,4,0,4,1.0
MedGemma 1.0-27B,ollama,medgemma:27b,Polymyalgia Rheumatica,chain_of_thought,rag,1,H,2,0,2,1.0
MedGemma 1.0-27B,ollama,medgemma:27b,Polymyalgia Rheumatica,chain_of_thought,rag,1,S,2,0,2,1.0
MedGemma 1.0-27B,ollama,medgemma:27b,Polymyalgia Rheumatica,chain_of_thought,rag,2,D,4,0,4,1.0
MedGemma 1.0-27B,ollama,medgemma:27b,Polymyalgia Rheumatica,chain_of_thought,rag,2,H,2,0,2,1.0
MedGemma 1.0-27B,ollama,medgemma:27b,Polymyalgia Rheumatica,chain_of_thought,rag,2,S,2,0,2,1.0
MedGemma 1.0-27B,ollama,medgemma:27b,Polymyalgia Rheumatica,chain_of_thought,rag,3,D,4,0,4,1.0
MedGemma 1.0-27B,ollama,medgemma:27b,Polymyalgia Rheumatica,chain_of_thought,rag,3,H,2,0,2,1.0
MedGemma 1.0-27B,ollama,medgemma:27b,Polymyalgia Rheumatica,chain_of_thought,rag,3,S,2,0,2,1.0
MedGemma 1.0-27B,ollama,medgemma:27b,Polymyalgia Rheumatica,few_shot,non_rag,1,D,0,4,4,0.0
MedGemma 1.0-27B,ollama,medgemma:27b,Polymyalgia Rheumatica,few_shot,non_rag,1,H,0,2,2,0.0
MedGemma 1.0-27B,ollama,medgemma:27b,Polymyalgia Rheumatica,few_shot,non_rag,1,S,0,2,2,0.0
MedGemma 1.0-27B,ollama,medgemma:27b,Polymyalgia Rheumatica,few_shot,non_rag,2,D,0,4,4,0.0
MedGemma 1.0-27B,ollama,medgemma:27b,Polymyalgia Rheumatica,few_shot,non_rag,2,H,0,2,2,0.0
MedGemma 1.0-27B,ollama,medgemma:27b,Polymyalgia Rheumatica,few_shot,non_rag,2,S,0,2,2,0.0
MedGemma 1.0-27B,ollama,medgemma:27b,Polymyalgia Rheumatica,few_shot,non_rag,3,D,0,4,4,0.0
MedGemma 1.0-27B,ollama,medgemma:27b,Polymyalgia Rheumatica,few_shot,non_rag,3,H,0,2,2,0.0
MedGemma 1.0-27B,ollama,medgemma:27b,Polymyalgia Rheumatica,few_shot,non_rag,3,S,0,2,2,0.0
MedGemma 1.0-27B,ollama,medgemma:27b,Polymyalgia Rheumatica,few_shot,rag,1,D,4,0,4,1.0
MedGemma 1.0-27B,ollama,medgemma:27b,Polymyalgia Rheumatica,few_shot,rag,1,H,2,0,2,1.0
MedGemma 1.0-27B,ollama,medgemma:27b,Polymyalgia Rheumatica,few_shot,rag,1,S,2,0,2,1.0
MedGemma 1.0-27B,ollama,medgemma:27b,Polymyalgia Rheumatica,few_shot,rag,2,D,4,0,4,1.0
MedGemma 1.0-27B,ollama,medgemma:27b,Polymyalgia Rheumatica,few_shot,rag,2,H,2,0,2,1.0
MedGemma 1.0-27B,ollama,medgemma:27b,Polymyalgia Rheumatica,few_shot,rag,2,S,2,0,2,1.0
MedGemma 1.0-27B,ollama,medgemma:27b,Polymyalgia Rheumatica,few_shot,rag,3,D,4,0,4,1.0
MedGemma 1.0-27B,ollama,medgemma:27b,Polymyalgia Rheumatica,few_shot,rag,3,H,2,0,2,1.0
MedGemma 1.0-27B,ollama,medgemma:27b,Polymyalgia Rheumatica,few_shot,rag,3,S,2,0,2,1.0
MedGemma 1.0-27B,ollama,medgemma:27b,Polymyalgia Rheumatica,zero_shot,non_rag,1,D,0,4,4,0.0
MedGemma 1.0-27B,ollama,medgemma:27b,Polymyalgia Rheumatica,zero_shot,non_rag,1,H,0,2,2,0.0
MedGemma 1.0-27B,ollama,medgemma:27b,Polymyalgia Rheumatica,zero_shot,non_rag,1,S,0,2,2,0.0
MedGemma 1.0-27B,ollama,medgemma:27b,Polymyalgia Rheumatica,zero_shot,non_rag,2,D,0,4,4,0.0
MedGemma 1.0-27B,ollama,medgemma:27b,Polymyalgia Rheumatica,zero_shot,non_rag,2,H,0,2,2,0.0
MedGemma 1.0-27B,ollama,medgemma:27b,Polymyalgia Rheumatica,zero_shot,non_rag,2,S,0,2,2,0.0
MedGemma 1.0-27B,ollama,medgemma:27b,Polymyalgia Rheumatica,zero_shot,non_rag,3,D,0,4,4,0.0
MedGemma 1.0-27B,ollama,medgemma:27b,Polymyalgia Rheumatica,zero_shot,non_rag,3,H,0,2,2,0.0
MedGemma 1.0-27B,ollama,medgemma:27b,Polymyalgia Rheumatica,zero_shot,non_rag,3,S,0,2,2,0.0
MedGemma 1.0-27B,ollama,medgemma:27b,Polymyalgia Rheumatica,zero_shot,rag,1,D,4,0,4,1.0
MedGemma 1.0-27B,ollama,medgemma:27b,Polymyalgia Rheumatica,zero_shot,rag,1,H,2,0,2,1.0
MedGemma 1.0-27B,ollama,medgemma:27b,Polymyalgia Rheumatica,zero_shot,rag,1,S,2,0,2,1.0
MedGemma 1.0-27B,ollama,medgemma:27b,Polymyalgia Rheumatica,zero_shot,rag,2,D,4,0,4,1.0
MedGemma 1.0-27B,ollama,medgemma:27b,Polymyalgia Rheumatica,zero_shot,rag,2,H,2,0,2,1.0
MedGemma 1.0-27B,ollama,medgemma:27b,Polymyalgia Rheumatica,zero_shot,rag,2,S,2,0,2,1.0
MedGemma 1.0-27B,ollama,medgemma:27b,Polymyalgia Rheumatica,zero_shot,rag,3,D,4,0,4,1.0
MedGemma 1.0-27B,ollama,medgemma:27b,Polymyalgia Rheumatica,zero_shot,rag,3,H,2,0,2,1.0
MedGemma 1.0-27B,ollama,medgemma:27b,Polymyalgia Rheumatica,zero_shot,rag,3,S,2,0,2,1.0
MedGemma 1.0-27B,ollama,medgemma:27b,Type 2 Diabetes Mellitus,chain_of_thought,non_rag,1,C,0,15,15,0.0
MedGemma 1.0-27B,ollama,medgemma:27b,Type 2 Diabetes Mellitus,chain_of_thought,non_rag,1,D,0,1,1,0.0
MedGemma 1.0-27B,ollama,medgemma:27b,Type 2 Diabetes Mellitus,chain_of_thought,non_rag,1,S,0,4,4,0.0
MedGemma 1.0-27B,ollama,medgemma:27b,Type 2 Diabetes Mellitus,chain_of_thought,non_rag,1,V,0,3,3,0.0
MedGemma 1.0-27B,ollama,medgemma:27b,Type 2 Diabetes Mellitus,chain_of_thought,non_rag,2,C,0,15,15,0.0
MedGemma 1.0-27B,ollama,medgemma:27b,Type 2 Diabetes Mellitus,chain_of_thought,non_rag,2,D,0,1,1,0.0
MedGemma 1.0-27B,ollama,medgemma:27b,Type 2 Diabetes Mellitus,chain_of_thought,non_rag,2,S,0,4,4,0.0
MedGemma 1.0-27B,ollama,medgemma:27b,Type 2 Diabetes Mellitus,chain_of_thought,non_rag,2,V,0,3,3,0.0
MedGemma 1.0-27B,ollama,medgemma:27b,Type 2 Diabetes Mellitus,chain_of_thought,non_rag,3,C,0,15,15,0.0
MedGemma 1.0-27B,ollama,medgemma:27b,Type 2 Diabetes Mellitus,chain_of_thought,non_rag,3,D,0,1,1,0.0
MedGemma 1.0-27B,ollama,medgemma:27b,Type 2 Diabetes Mellitus,chain_of_thought,non_rag,3,S,0,4,4,0.0
MedGemma 1.0-27B,ollama,medgemma:27b,Type 2 Diabetes Mellitus,chain_of_thought,non_rag,3,V,0,3,3,0.0
MedGemma 1.0-27B,ollama,medgemma:27b,Type 2 Diabetes Mellitus,chain_of_thought,rag,1,C,7,8,15,0.4667
MedGemma 1.0-27B,ollama,medgemma:27b,Type 2 Diabetes Mellitus,chain_of_thought,rag,1,D,1,0,1,1.0
MedGemma 1.0-27B,ollama,medgemma:27b,Type 2 Diabetes Mellitus,chain_of_thought,rag,1,S,3,1,4,0.75
MedGemma 1.0-27B,ollama,medgemma:27b,Type 2 Diabetes Mellitus,chain_of_thought,rag,1,V,2,1,3,0.6667
MedGemma 1.0-27B,ollama,medgemma:27b,Type 2 Diabetes Mellitus,chain_of_thought,rag,2,C,6,9,15,0.4
MedGemma 1.0-27B,ollama,medgemma:27b,Type 2 Diabetes Mellitus,chain_of_thought,rag,2,D,1,0,1,1.0
MedGemma 1.0-27B,ollama,medgemma:27b,Type 2 Diabetes Mellitus,chain_of_thought,rag,2,S,3,1,4,0.75
MedGemma 1.0-27B,ollama,medgemma:27b,Type 2 Diabetes Mellitus,chain_of_thought,rag,2,V,1,2,3,0.3333
MedGemma 1.0-27B,ollama,medgemma:27b,Type 2 Diabetes Mellitus,chain_of_thought,rag,3,C,5,10,15,0.3333
MedGemma 1.0-27B,ollama,medgemma:27b,Type 2 Diabetes Mellitus,chain_of_thought,rag,3,D,1,0,1,1.0
MedGemma 1.0-27B,ollama,medgemma:27b,Type 2 Diabetes Mellitus,chain_of_thought,rag,3,S,3,1,4,0.75
MedGemma 1.0-27B,ollama,medgemma:27b,Type 2 Diabetes Mellitus,chain_of_thought,rag,3,V,2,1,3,0.6667
MedGemma 1.0-27B,ollama,medgemma:27b,Type 2 Diabetes Mellitus,few_shot,non_rag,1,C,0,15,15,0.0
MedGemma 1.0-27B,ollama,medgemma:27b,Type 2 Diabetes Mellitus,few_shot,non_rag,1,D,0,1,1,0.0
MedGemma 1.0-27B,ollama,medgemma:27b,Type 2 Diabetes Mellitus,few_shot,non_rag,1,S,0,4,4,0.0
MedGemma 1.0-27B,ollama,medgemma:27b,Type 2 Diabetes Mellitus,few_shot,non_rag,1,V,0,3,3,0.0
MedGemma 1.0-27B,ollama,medgemma:27b,Type 2 Diabetes Mellitus,few_shot,non_rag,2,C,0,15,15,0.0
MedGemma 1.0-27B,ollama,medgemma:27b,Type 2 Diabetes Mellitus,few_shot,non_rag,2,D,0,1,1,0.0
MedGemma 1.0-27B,ollama,medgemma:27b,Type 2 Diabetes Mellitus,few_shot,non_rag,2,S,0,4,4,0.0
MedGemma 1.0-27B,ollama,medgemma:27b,Type 2 Diabetes Mellitus,few_shot,non_rag,2,V,0,3,3,0.0
MedGemma 1.0-27B,ollama,medgemma:27b,Type 2 Diabetes Mellitus,few_shot,non_rag,3,C,0,15,15,0.0
MedGemma 1.0-27B,ollama,medgemma:27b,Type 2 Diabetes Mellitus,few_shot,non_rag,3,D,0,1,1,0.0
MedGemma 1.0-27B,ollama,medgemma:27b,Type 2 Diabetes Mellitus,few_shot,non_rag,3,S,0,4,4,0.0
MedGemma 1.0-27B,ollama,medgemma:27b,Type 2 Diabetes Mellitus,few_shot,non_rag,3,V,0,3,3,0.0
MedGemma 1.0-27B,ollama,medgemma:27b,Type 2 Diabetes Mellitus,few_shot,rag,1,C,0,15,15,0.0
MedGemma 1.0-27B,ollama,medgemma:27b,Type 2 Diabetes Mellitus,few_shot,rag,1,D,1,0,1,1.0
MedGemma 1.0-27B,ollama,medgemma:27b,Type 2 Diabetes Mellitus,few_shot,rag,1,S,1,3,4,0.25
MedGemma 1.0-27B,ollama,medgemma:27b,Type 2 Diabetes Mellitus,few_shot,rag,1,V,0,3,3,0.0
MedGemma 1.0-27B,ollama,medgemma:27b,Type 2 Diabetes Mellitus,few_shot,rag,2,C,1,14,15,0.0667
MedGemma 1.0-27B,ollama,medgemma:27b,Type 2 Diabetes Mellitus,few_shot,rag,2,D,1,0,1,1.0
MedGemma 1.0-27B,ollama,medgemma:27b,Type 2 Diabetes Mellitus,few_shot,rag,2,S,2,2,4,0.5
MedGemma 1.0-27B,ollama,medgemma:27b,Type 2 Diabetes Mellitus,few_shot,rag,2,V,0,3,3,0.0
MedGemma 1.0-27B,ollama,medgemma:27b,Type 2 Diabetes Mellitus,few_shot,rag,3,C,2,13,15,0.1333
MedGemma 1.0-27B,ollama,medgemma:27b,Type 2 Diabetes Mellitus,few_shot,rag,3,D,1,0,1,1.0
MedGemma 1.0-27B,ollama,medgemma:27b,Type 2 Diabetes Mellitus,few_shot,rag,3,S,4,0,4,1.0
MedGemma 1.0-27B,ollama,medgemma:27b,Type 2 Diabetes Mellitus,few_shot,rag,3,V,0,3,3,0.0
MedGemma 1.0-27B,ollama,medgemma:27b,Type 2 Diabetes Mellitus,zero_shot,non_rag,1,C,0,15,15,0.0
MedGemma 1.0-27B,ollama,medgemma:27b,Type 2 Diabetes Mellitus,zero_shot,non_rag,1,D,0,1,1,0.0
MedGemma 1.0-27B,ollama,medgemma:27b,Type 2 Diabetes Mellitus,zero_shot,non_rag,1,S,0,4,4,0.0
MedGemma 1.0-27B,ollama,medgemma:27b,Type 2 Diabetes Mellitus,zero_shot,non_rag,1,V,0,3,3,0.0
MedGemma 1.0-27B,ollama,medgemma:27b,Type 2 Diabetes Mellitus,zero_shot,non_rag,2,C,0,15,15,0.0
MedGemma 1.0-27B,ollama,medgemma:27b,Type 2 Diabetes Mellitus,zero_shot,non_rag,2,D,0,1,1,0.0
MedGemma 1.0-27B,ollama,medgemma:27b,Type 2 Diabetes Mellitus,zero_shot,non_rag,2,S,0,4,4,0.0
MedGemma 1.0-27B,ollama,medgemma:27b,Type 2 Diabetes Mellitus,zero_shot,non_rag,2,V,0,3,3,0.0
MedGemma 1.0-27B,ollama,medgemma:27b,Type 2 Diabetes Mellitus,zero_shot,non_rag,3,C,0,15,15,0.0
MedGemma 1.0-27B,ollama,medgemma:27b,Type 2 Diabetes Mellitus,zero_shot,non_rag,3,D,0,1,1,0.0
MedGemma 1.0-27B,ollama,medgemma:27b,Type 2 Diabetes Mellitus,zero_shot,non_rag,3,S,0,4,4,0.0
MedGemma 1.0-27B,ollama,medgemma:27b,Type 2 Diabetes Mellitus,zero_shot,non_rag,3,V,0,3,3,0.0
MedGemma 1.0-27B,ollama,medgemma:27b,Type 2 Diabetes Mellitus,zero_shot,rag,1,C,3,12,15,0.2
MedGemma 1.0-27B,ollama,medgemma:27b,Type 2 Diabetes Mellitus,zero_shot,rag,1,D,1,0,1,1.0
MedGemma 1.0-27B,ollama,medgemma:27b,Type 2 Diabetes Mellitus,zero_shot,rag,1,S,2,2,4,0.5
MedGemma 1.0-27B,ollama,medgemma:27b,Type 2 Diabetes Mellitus,zero_shot,rag,1,V,2,1,3,0.6667
MedGemma 1.0-27B,ollama,medgemma:27b,Type 2 Diabetes Mellitus,zero_shot,rag,2,C,4,11,15,0.2667
MedGemma 1.0-27B,ollama,medgemma:27b,Type 2 Diabetes Mellitus,zero_shot,rag,2,D,1,0,1,1.0
MedGemma 1.0-27B,ollama,medgemma:27b,Type 2 Diabetes Mellitus,zero_shot,rag,2,S,2,2,4,0.5
MedGemma 1.0-27B,ollama,medgemma:27b,Type 2 Diabetes Mellitus,zero_shot,rag,2,V,2,1,3,0.6667
MedGemma 1.0-27B,ollama,medgemma:27b,Type 2 Diabetes Mellitus,zero_shot,rag,3,C,4,11,15,0.2667
MedGemma 1.0-27B,ollama,medgemma:27b,Type 2 Diabetes Mellitus,zero_shot,rag,3,D,1,0,1,1.0
MedGemma 1.0-27B,ollama,medgemma:27b,Type 2 Diabetes Mellitus,zero_shot,rag,3,S,2,2,4,0.5
MedGemma 1.0-27B,ollama,medgemma:27b,Type 2 Diabetes Mellitus,zero_shot,rag,3,V,2,1,3,0.6667
MedGemma 1.0-27B,ollama,medgemma:27b,Type 2 Diabetes Mellitus (Audit),chain_of_thought,non_rag,1,A,0,17,17,0.0
MedGemma 1.0-27B,ollama,medgemma:27b,Type 2 Diabetes Mellitus (Audit),chain_of_thought,non_rag,1,C,0,102,102,0.0
MedGemma 1.0-27B,ollama,medgemma:27b,Type 2 Diabetes Mellitus (Audit),chain_of_thought,non_rag,1,D,0,1,1,0.0
MedGemma 1.0-27B,ollama,medgemma:27b,Type 2 Diabetes Mellitus (Audit),chain_of_thought,non_rag,1,H,0,1,1,0.0
MedGemma 1.0-27B,ollama,medgemma:27b,Type 2 Diabetes Mellitus (Audit),chain_of_thought,non_rag,1,P,0,2,2,0.0
MedGemma 1.0-27B,ollama,medgemma:27b,Type 2 Diabetes Mellitus (Audit),chain_of_thought,non_rag,1,S,0,13,13,0.0
MedGemma 1.0-27B,ollama,medgemma:27b,Type 2 Diabetes Mellitus (Audit),chain_of_thought,non_rag,1,V,0,3,3,0.0
MedGemma 1.0-27B,ollama,medgemma:27b,Type 2 Diabetes Mellitus (Audit),chain_of_thought,non_rag,2,A,0,17,17,0.0
MedGemma 1.0-27B,ollama,medgemma:27b,Type 2 Diabetes Mellitus (Audit),chain_of_thought,non_rag,2,C,0,102,102,0.0
MedGemma 1.0-27B,ollama,medgemma:27b,Type 2 Diabetes Mellitus (Audit),chain_of_thought,non_rag,2,D,0,1,1,0.0
MedGemma 1.0-27B,ollama,medgemma:27b,Type 2 Diabetes Mellitus (Audit),chain_of_thought,non_rag,2,H,0,1,1,0.0
MedGemma 1.0-27B,ollama,medgemma:27b,Type 2 Diabetes Mellitus (Audit),chain_of_thought,non_rag,2,P,0,2,2,0.0
MedGemma 1.0-27B,ollama,medgemma:27b,Type 2 Diabetes Mellitus (Audit),chain_of_thought,non_rag,2,S,0,13,13,0.0
MedGemma 1.0-27B,ollama,medgemma:27b,Type 2 Diabetes Mellitus (Audit),chain_of_thought,non_rag,2,V,0,3,3,0.0
MedGemma 1.0-27B,ollama,medgemma:27b,Type 2 Diabetes Mellitus (Audit),chain_of_thought,non_rag,3,A,0,17,17,0.0
MedGemma 1.0-27B,ollama,medgemma:27b,Type 2 Diabetes Mellitus (Audit),chain_of_thought,non_rag,3,C,0,102,102,0.0
MedGemma 1.0-27B,ollama,medgemma:27b,Type 2 Diabetes Mellitus (Audit),chain_of_thought,non_rag,3,D,0,1,1,0.0
MedGemma 1.0-27B,ollama,medgemma:27b,Type 2 Diabetes Mellitus (Audit),chain_of_thought,non_rag,3,H,0,1,1,0.0
MedGemma 1.0-27B,ollama,medgemma:27b,Type 2 Diabetes Mellitus (Audit),chain_of_thought,non_rag,3,P,0,2,2,0.0
MedGemma 1.0-27B,ollama,medgemma:27b,Type 2 Diabetes Mellitus (Audit),chain_of_thought,non_rag,3,S,0,13,13,0.0
MedGemma 1.0-27B,ollama,medgemma:27b,Type 2 Diabetes Mellitus (Audit),chain_of_thought,non_rag,3,V,0,3,3,0.0
MedGemma 1.0-27B,ollama,medgemma:27b,Type 2 Diabetes Mellitus (Audit),chain_of_thought,rag,1,A,4,13,17,0.2353
MedGemma 1.0-27B,ollama,medgemma:27b,Type 2 Diabetes Mellitus (Audit),chain_of_thought,rag,1,C,19,83,102,0.1863
MedGemma 1.0-27B,ollama,medgemma:27b,Type 2 Diabetes Mellitus (Audit),chain_of_thought,rag,1,D,1,0,1,1.0
MedGemma 1.0-27B,ollama,medgemma:27b,Type 2 Diabetes Mellitus (Audit),chain_of_thought,rag,1,H,1,0,1,1.0
MedGemma 1.0-27B,ollama,medgemma:27b,Type 2 Diabetes Mellitus (Audit),chain_of_thought,rag,1,P,2,0,2,1.0
MedGemma 1.0-27B,ollama,medgemma:27b,Type 2 Diabetes Mellitus (Audit),chain_of_thought,rag,1,S,8,5,13,0.6154
MedGemma 1.0-27B,ollama,medgemma:27b,Type 2 Diabetes Mellitus (Audit),chain_of_thought,rag,1,V,3,0,3,1.0
MedGemma 1.0-27B,ollama,medgemma:27b,Type 2 Diabetes Mellitus (Audit),chain_of_thought,rag,2,A,2,15,17,0.1176
MedGemma 1.0-27B,ollama,medgemma:27b,Type 2 Diabetes Mellitus (Audit),chain_of_thought,rag,2,C,29,73,102,0.2843
MedGemma 1.0-27B,ollama,medgemma:27b,Type 2 Diabetes Mellitus (Audit),chain_of_thought,rag,2,D,1,0,1,1.0
MedGemma 1.0-27B,ollama,medgemma:27b,Type 2 Diabetes Mellitus (Audit),chain_of_thought,rag,2,H,1,0,1,1.0
MedGemma 1.0-27B,ollama,medgemma:27b,Type 2 Diabetes Mellitus (Audit),chain_of_thought,rag,2,P,1,1,2,0.5
MedGemma 1.0-27B,ollama,medgemma:27b,Type 2 Diabetes Mellitus (Audit),chain_of_thought,rag,2,S,6,7,13,0.4615
MedGemma 1.0-27B,ollama,medgemma:27b,Type 2 Diabetes Mellitus (Audit),chain_of_thought,rag,2,V,1,2,3,0.3333
MedGemma 1.0-27B,ollama,medgemma:27b,Type 2 Diabetes Mellitus (Audit),chain_of_thought,rag,3,A,1,16,17,0.0588
MedGemma 1.0-27B,ollama,medgemma:27b,Type 2 Diabetes Mellitus (Audit),chain_of_thought,rag,3,C,26,76,102,0.2549
MedGemma 1.0-27B,ollama,medgemma:27b,Type 2 Diabetes Mellitus (Audit),chain_of_thought,rag,3,D,1,0,1,1.0
MedGemma 1.0-27B,ollama,medgemma:27b,Type 2 Diabetes Mellitus (Audit),chain_of_thought,rag,3,H,1,0,1,1.0
MedGemma 1.0-27B,ollama,medgemma:27b,Type 2 Diabetes Mellitus (Audit),chain_of_thought,rag,3,P,2,0,2,1.0
MedGemma 1.0-27B,ollama,medgemma:27b,Type 2 Diabetes Mellitus (Audit),chain_of_thought,rag,3,S,6,7,13,0.4615
MedGemma 1.0-27B,ollama,medgemma:27b,Type 2 Diabetes Mellitus (Audit),chain_of_thought,rag,3,V,3,0,3,1.0
MedGemma 1.0-27B,ollama,medgemma:27b,Type 2 Diabetes Mellitus (Audit),few_shot,non_rag,1,A,0,17,17,0.0
MedGemma 1.0-27B,ollama,medgemma:27b,Type 2 Diabetes Mellitus (Audit),few_shot,non_rag,1,C,0,102,102,0.0
MedGemma 1.0-27B,ollama,medgemma:27b,Type 2 Diabetes Mellitus (Audit),few_shot,non_rag,1,D,0,1,1,0.0
MedGemma 1.0-27B,ollama,medgemma:27b,Type 2 Diabetes Mellitus (Audit),few_shot,non_rag,1,H,0,1,1,0.0
MedGemma 1.0-27B,ollama,medgemma:27b,Type 2 Diabetes Mellitus (Audit),few_shot,non_rag,1,P,0,2,2,0.0
MedGemma 1.0-27B,ollama,medgemma:27b,Type 2 Diabetes Mellitus (Audit),few_shot,non_rag,1,S,0,13,13,0.0
MedGemma 1.0-27B,ollama,medgemma:27b,Type 2 Diabetes Mellitus (Audit),few_shot,non_rag,1,V,0,3,3,0.0
MedGemma 1.0-27B,ollama,medgemma:27b,Type 2 Diabetes Mellitus (Audit),few_shot,non_rag,2,A,0,17,17,0.0
MedGemma 1.0-27B,ollama,medgemma:27b,Type 2 Diabetes Mellitus (Audit),few_shot,non_rag,2,C,0,102,102,0.0
MedGemma 1.0-27B,ollama,medgemma:27b,Type 2 Diabetes Mellitus (Audit),few_shot,non_rag,2,D,0,1,1,0.0
MedGemma 1.0-27B,ollama,medgemma:27b,Type 2 Diabetes Mellitus (Audit),few_shot,non_rag,2,H,0,1,1,0.0
MedGemma 1.0-27B,ollama,medgemma:27b,Type 2 Diabetes Mellitus (Audit),few_shot,non_rag,2,P,0,2,2,0.0
MedGemma 1.0-27B,ollama,medgemma:27b,Type 2 Diabetes Mellitus (Audit),few_shot,non_rag,2,S,0,13,13,0.0
MedGemma 1.0-27B,ollama,medgemma:27b,Type 2 Diabetes Mellitus (Audit),few_shot,non_rag,2,V,0,3,3,0.0
MedGemma 1.0-27B,ollama,medgemma:27b,Type 2 Diabetes Mellitus (Audit),few_shot,non_rag,3,A,0,17,17,0.0
MedGemma 1.0-27B,ollama,medgemma:27b,Type 2 Diabetes Mellitus (Audit),few_shot,non_rag,3,C,0,102,102,0.0
MedGemma 1.0-27B,ollama,medgemma:27b,Type 2 Diabetes Mellitus (Audit),few_shot,non_rag,3,D,0,1,1,0.0
MedGemma 1.0-27B,ollama,medgemma:27b,Type 2 Diabetes Mellitus (Audit),few_shot,non_rag,3,H,0,1,1,0.0
MedGemma 1.0-27B,ollama,medgemma:27b,Type 2 Diabetes Mellitus (Audit),few_shot,non_rag,3,P,0,2,2,0.0
MedGemma 1.0-27B,ollama,medgemma:27b,Type 2 Diabetes Mellitus (Audit),few_shot,non_rag,3,S,0,13,13,0.0
MedGemma 1.0-27B,ollama,medgemma:27b,Type 2 Diabetes Mellitus (Audit),few_shot,non_rag,3,V,0,3,3,0.0
MedGemma 1.0-27B,ollama,medgemma:27b,Type 2 Diabetes Mellitus (Audit),few_shot,rag,1,A,0,17,17,0.0
MedGemma 1.0-27B,ollama,medgemma:27b,Type 2 Diabetes Mellitus (Audit),few_shot,rag,1,C,0,102,102,0.0
MedGemma 1.0-27B,ollama,medgemma:27b,Type 2 Diabetes Mellitus (Audit),few_shot,rag,1,D,1,0,1,1.0
MedGemma 1.0-27B,ollama,medgemma:27b,Type 2 Diabetes Mellitus (Audit),few_shot,rag,1,H,0,1,1,0.0
MedGemma 1.0-27B,ollama,medgemma:27b,Type 2 Diabetes Mellitus (Audit),few_shot,rag,1,P,0,2,2,0.0
MedGemma 1.0-27B,ollama,medgemma:27b,Type 2 Diabetes Mellitus (Audit),few_shot,rag,1,S,2,11,13,0.1538
MedGemma 1.0-27B,ollama,medgemma:27b,Type 2 Diabetes Mellitus (Audit),few_shot,rag,1,V,1,2,3,0.3333
MedGemma 1.0-27B,ollama,medgemma:27b,Type 2 Diabetes Mellitus (Audit),few_shot,rag,2,A,0,17,17,0.0
MedGemma 1.0-27B,ollama,medgemma:27b,Type 2 Diabetes Mellitus (Audit),few_shot,rag,2,C,7,95,102,0.0686
MedGemma 1.0-27B,ollama,medgemma:27b,Type 2 Diabetes Mellitus (Audit),few_shot,rag,2,D,1,0,1,1.0
MedGemma 1.0-27B,ollama,medgemma:27b,Type 2 Diabetes Mellitus (Audit),few_shot,rag,2,H,1,0,1,1.0
MedGemma 1.0-27B,ollama,medgemma:27b,Type 2 Diabetes Mellitus (Audit),few_shot,rag,2,P,0,2,2,0.0
MedGemma 1.0-27B,ollama,medgemma:27b,Type 2 Diabetes Mellitus (Audit),few_shot,rag,2,S,5,8,13,0.3846
MedGemma 1.0-27B,ollama,medgemma:27b,Type 2 Diabetes Mellitus (Audit),few_shot,rag,2,V,1,2,3,0.3333
MedGemma 1.0-27B,ollama,medgemma:27b,Type 2 Diabetes Mellitus (Audit),few_shot,rag,3,A,0,17,17,0.0
MedGemma 1.0-27B,ollama,medgemma:27b,Type 2 Diabetes Mellitus (Audit),few_shot,rag,3,C,23,79,102,0.2255
MedGemma 1.0-27B,ollama,medgemma:27b,Type 2 Diabetes Mellitus (Audit),few_shot,rag,3,D,1,0,1,1.0
MedGemma 1.0-27B,ollama,medgemma:27b,Type 2 Diabetes Mellitus (Audit),few_shot,rag,3,H,1,0,1,1.0
MedGemma 1.0-27B,ollama,medgemma:27b,Type 2 Diabetes Mellitus (Audit),few_shot,rag,3,P,1,1,2,0.5
MedGemma 1.0-27B,ollama,medgemma:27b,Type 2 Diabetes Mellitus (Audit),few_shot,rag,3,S,7,6,13,0.5385
MedGemma 1.0-27B,ollama,medgemma:27b,Type 2 Diabetes Mellitus (Audit),few_shot,rag,3,V,1,2,3,0.3333
MedGemma 1.0-27B,ollama,medgemma:27b,Type 2 Diabetes Mellitus (Audit),zero_shot,non_rag,1,A,0,17,17,0.0
MedGemma 1.0-27B,ollama,medgemma:27b,Type 2 Diabetes Mellitus (Audit),zero_shot,non_rag,1,C,0,102,102,0.0
MedGemma 1.0-27B,ollama,medgemma:27b,Type 2 Diabetes Mellitus (Audit),zero_shot,non_rag,1,D,0,1,1,0.0
MedGemma 1.0-27B,ollama,medgemma:27b,Type 2 Diabetes Mellitus (Audit),zero_shot,non_rag,1,H,0,1,1,0.0
MedGemma 1.0-27B,ollama,medgemma:27b,Type 2 Diabetes Mellitus (Audit),zero_shot,non_rag,1,P,0,2,2,0.0
MedGemma 1.0-27B,ollama,medgemma:27b,Type 2 Diabetes Mellitus (Audit),zero_shot,non_rag,1,S,0,13,13,0.0
MedGemma 1.0-27B,ollama,medgemma:27b,Type 2 Diabetes Mellitus (Audit),zero_shot,non_rag,1,V,0,3,3,0.0
MedGemma 1.0-27B,ollama,medgemma:27b,Type 2 Diabetes Mellitus (Audit),zero_shot,non_rag,2,A,0,17,17,0.0
MedGemma 1.0-27B,ollama,medgemma:27b,Type 2 Diabetes Mellitus (Audit),zero_shot,non_rag,2,C,0,102,102,0.0
MedGemma 1.0-27B,ollama,medgemma:27b,Type 2 Diabetes Mellitus (Audit),zero_shot,non_rag,2,D,0,1,1,0.0
MedGemma 1.0-27B,ollama,medgemma:27b,Type 2 Diabetes Mellitus (Audit),zero_shot,non_rag,2,H,0,1,1,0.0
MedGemma 1.0-27B,ollama,medgemma:27b,Type 2 Diabetes Mellitus (Audit),zero_shot,non_rag,2,P,0,2,2,0.0
MedGemma 1.0-27B,ollama,medgemma:27b,Type 2 Diabetes Mellitus (Audit),zero_shot,non_rag,2,S,0,13,13,0.0
MedGemma 1.0-27B,ollama,medgemma:27b,Type 2 Diabetes Mellitus (Audit),zero_shot,non_rag,2,V,0,3,3,0.0
MedGemma 1.0-27B,ollama,medgemma:27b,Type 2 Diabetes Mellitus (Audit),zero_shot,non_rag,3,A,0,17,17,0.0
MedGemma 1.0-27B,ollama,medgemma:27b,Type 2 Diabetes Mellitus (Audit),zero_shot,non_rag,3,C,0,102,102,0.0
MedGemma 1.0-27B,ollama,medgemma:27b,Type 2 Diabetes Mellitus (Audit),zero_shot,non_rag,3,D,0,1,1,0.0
MedGemma 1.0-27B,ollama,medgemma:27b,Type 2 Diabetes Mellitus (Audit),zero_shot,non_rag,3,H,0,1,1,0.0
MedGemma 1.0-27B,ollama,medgemma:27b,Type 2 Diabetes Mellitus (Audit),zero_shot,non_rag,3,P,0,2,2,0.0
MedGemma 1.0-27B,ollama,medgemma:27b,Type 2 Diabetes Mellitus (Audit),zero_shot,non_rag,3,S,0,13,13,0.0
MedGemma 1.0-27B,ollama,medgemma:27b,Type 2 Diabetes Mellitus (Audit),zero_shot,non_rag,3,V,0,3,3,0.0
MedGemma 1.0-27B,ollama,medgemma:27b,Type 2 Diabetes Mellitus (Audit),zero_shot,rag,1,A,1,16,17,0.0588
MedGemma 1.0-27B,ollama,medgemma:27b,Type 2 Diabetes Mellitus (Audit),zero_shot,rag,1,C,13,89,102,0.1275
MedGemma 1.0-27B,ollama,medgemma:27b,Type 2 Diabetes Mellitus (Audit),zero_shot,rag,1,D,1,0,1,1.0
MedGemma 1.0-27B,ollama,medgemma:27b,Type 2 Diabetes Mellitus (Audit),zero_shot,rag,1,H,1,0,1,1.0
MedGemma 1.0-27B,ollama,medgemma:27b,Type 2 Diabetes Mellitus (Audit),zero_shot,rag,1,P,0,2,2,0.0
MedGemma 1.0-27B,ollama,medgemma:27b,Type 2 Diabetes Mellitus (Audit),zero_shot,rag,1,S,6,7,13,0.4615
MedGemma 1.0-27B,ollama,medgemma:27b,Type 2 Diabetes Mellitus (Audit),zero_shot,rag,1,V,3,0,3,1.0
MedGemma 1.0-27B,ollama,medgemma:27b,Type 2 Diabetes Mellitus (Audit),zero_shot,rag,2,A,2,15,17,0.1176
MedGemma 1.0-27B,ollama,medgemma:27b,Type 2 Diabetes Mellitus (Audit),zero_shot,rag,2,C,19,83,102,0.1863
MedGemma 1.0-27B,ollama,medgemma:27b,Type 2 Diabetes Mellitus (Audit),zero_shot,rag,2,D,1,0,1,1.0
MedGemma 1.0-27B,ollama,medgemma:27b,Type 2 Diabetes Mellitus (Audit),zero_shot,rag,2,H,1,0,1,1.0
MedGemma 1.0-27B,ollama,medgemma:27b,Type 2 Diabetes Mellitus (Audit),zero_shot,rag,2,P,1,1,2,0.5
MedGemma 1.0-27B,ollama,medgemma:27b,Type 2 Diabetes Mellitus (Audit),zero_shot,rag,2,S,6,7,13,0.4615
MedGemma 1.0-27B,ollama,medgemma:27b,Type 2 Diabetes Mellitus (Audit),zero_shot,rag,2,V,3,0,3,1.0
MedGemma 1.0-27B,ollama,medgemma:27b,Type 2 Diabetes Mellitus (Audit),zero_shot,rag,3,A,1,16,17,0.0588
MedGemma 1.0-27B,ollama,medgemma:27b,Type 2 Diabetes Mellitus (Audit),zero_shot,rag,3,C,9,93,102,0.0882
MedGemma 1.0-27B,ollama,medgemma:27b,Type 2 Diabetes Mellitus (Audit),zero_shot,rag,3,D,1,0,1,1.0
MedGemma 1.0-27B,ollama,medgemma:27b,Type 2 Diabetes Mellitus (Audit),zero_shot,rag,3,H,1,0,1,1.0
MedGemma 1.0-27B,ollama,medgemma:27b,Type 2 Diabetes Mellitus (Audit),zero_shot,rag,3,P,0,2,2,0.0
MedGemma 1.0-27B,ollama,medgemma:27b,Type 2 Diabetes Mellitus (Audit),zero_shot,rag,3,S,5,8,13,0.3846
MedGemma 1.0-27B,ollama,medgemma:27b,Type 2 Diabetes Mellitus (Audit),zero_shot,rag,3,V,2,1,3,0.6667
